Labelbox/golf-extra/masks/ckssqlakb00003169yzucg1r2.png,cksretxmsssrf0yonf6dtalls,green,0,0,0,0
Labelbox/golf-extra/masks/ckssqm2gc000231693cpf8xaw.png,cksretxmsssrf0yonf6dtalls,fairway,0,0,0,0
Labelbox/golf-extra/masks/ckssqml8400043169bsq3z2el.png,cksretxmsssrf0yonf6dtalls,rough,0,0,0,0
Labelbox/golf-extra/masks/ckssqnu0d00073169y9xv8n0q.png,cksretxmsssrf0yonf6dtalls,tree,0,0,0,0
Labelbox/golf-extra/masks/ckssqor1l000a3169xjho5g4h.png,cksretxmsssrf0yonf6dtalls,semirough,0,0,0,0
Labelbox/golf-extra/masks/ckssqoyex000c3169j0h3cy0o.png,cksretxmsssrf0yonf6dtalls,sky,0,0,0,0
Labelbox/golf-extra/masks/ckssqp2o9000d3169ix1v806u.png,cksretxmsssrf0yonf6dtalls,unknown,0,0,0,0
Labelbox/golf-extra/masks/ckssqhpgo000f31698o4m0emd.png,cksretxmsssra0yon17ov0ifv,green,0,0,0,0
Labelbox/golf-extra/masks/ckssqi2a9000h3169rhgj0wz1.png,cksretxmsssra0yon17ov0ifv,semirough,0,0,0,0
Labelbox/golf-extra/masks/ckssqitfp000j3169qx0dl864.png,cksretxmsssra0yon17ov0ifv,tree,0,0,0,0
Labelbox/golf-extra/masks/ckssqjwfx000l3169ezx6v0ew.png,cksretxmsssra0yon17ov0ifv,rough,0,0,0,0
Labelbox/golf-extra/masks/ckssqkftp000p3169ftbrk2bo.png,cksretxmsssra0yon17ov0ifv,unknown,0,0,0,0
Labelbox/golf-extra/masks/ckssr57ur000i316a2aejn9lb.png,cksretxmsssr50yonb46fgo3k,unknown,0,0,0,0
Labelbox/golf-extra/masks/ckssr5d8v000k316anebwz34b.png,cksretxmsssr50yonb46fgo3k,green,0,0,0,0
Labelbox/golf-extra/masks/ckssr5zg8000n316aajxk1f44.png,cksretxmsssr50yonb46fgo3k,fairway,0,0,0,0
Labelbox/golf-extra/masks/ckssr6mw0000q316arxbkmpaf.png,cksretxmsssr50yonb46fgo3k,semirough,0,0,0,0
Labelbox/golf-extra/masks/ckssr7483000s316avn6n7fsr.png,cksretxmsssr50yonb46fgo3k,rough,0,0,0,0
Labelbox/golf-extra/masks/ckssr84fd000x316ad5rbjg3z.png,cksretxmsssr50yonb46fgo3k,tree,0,0,0,0
Labelbox/golf-extra/masks/ckssr8yvb0011316abv7aajx7.png,cksretxmsssr50yonb46fgo3k,sky,0,0,0,0
Labelbox/golf-extra/masks/ckssr04md0001316alo798nne.png,cksretxmsssr00yon43wb5fms,unknown,0,0,0,0
Labelbox/golf-extra/masks/ckssr0jux0003316aplmb5mor.png,cksretxmsssr00yon43wb5fms,green,0,0,0,0
Labelbox/golf-extra/masks/ckssr19k80005316au2ipj7j6.png,cksretxmsssr00yon43wb5fms,fairway,0,0,0,0
Labelbox/golf-extra/masks/ckssr1mli0007316a3ly9khoz.png,cksretxmsssr00yon43wb5fms,semirough,0,0,0,0
Labelbox/golf-extra/masks/ckssr28c5000a316a32xaezve.png,cksretxmsssr00yon43wb5fms,rough,0,0,0,0
Labelbox/golf-extra/masks/ckssr3cpl000c316a5kz3ax0j.png,cksretxmsssr00yon43wb5fms,tree,0,0,0,0
Labelbox/golf-extra/masks/ckssr4hwn000e316ab15sin4a.png,cksretxmsssr00yon43wb5fms,sky,0,0,0,0
Labelbox/golf-extra/masks/ckssqtmwo00a3316adf1ov3nu.png,cksretxmsssqv0yonamt66w7w,green,0,0,0,0
Labelbox/golf-extra/masks/ckssqu35o00a5316ak1wfek8t.png,cksretxmsssqv0yonamt66w7w,fairway,0,0,0,0
Labelbox/golf-extra/masks/ckssquq9n00a7316a5vackp6f.png,cksretxmsssqv0yonamt66w7w,semirough,0,0,0,0
Labelbox/golf-extra/masks/ckssqvavu00a9316aqaekt996.png,cksretxmsssqv0yonamt66w7w,rough,0,0,0,0
Labelbox/golf-extra/masks/ckssqvy5500ab316ab9f85mj7.png,cksretxmsssqv0yonamt66w7w,tree,0,0,0,0
Labelbox/golf-extra/masks/ckssqy1r100ae316aqwvc0vxt.png,cksretxmsssqv0yonamt66w7w,sky,0,0,0,0
Labelbox/golf-extra/masks/ckssqyeyj00ah316alvdshqg2.png,cksretxmsssqv0yonamt66w7w,unknown,0,0,0,0
Labelbox/golf-extra/masks/ckssqki4w009h316aa2zljb9x.png,cksretxmsssqq0yonfuld1nwc,unknown,0,0,0,0
Labelbox/golf-extra/masks/ckssqkoac009j316aulvn5f22.png,cksretxmsssqq0yonfuld1nwc,green,0,0,0,0
Labelbox/golf-extra/masks/ckssqn08u009l316afnpaotjt.png,cksretxmsssqq0yonfuld1nwc,fairway,0,0,0,0
Labelbox/golf-extra/masks/ckssqnr9l009n316ar1pe3qs7.png,cksretxmsssqq0yonfuld1nwc,semirough,0,0,0,0
Labelbox/golf-extra/masks/ckssqos5e009s316ama9pot2q.png,cksretxmsssqq0yonfuld1nwc,rough,0,0,0,0
Labelbox/golf-extra/masks/ckssqphdu009u316a9h6zmt0j.png,cksretxmsssqq0yonfuld1nwc,tree,0,0,0,0
Labelbox/golf-extra/masks/ckssqspxt009y316afxtx1rmr.png,cksretxmsssqq0yonfuld1nwc,sky,0,0,0,0
Labelbox/golf-extra/masks/ckssqbtwv008x316acloo1gan.png,cksretxmsssql0yon9ods5fi7,unknown,0,0,0,0
Labelbox/golf-extra/masks/ckssqch9m0091316ag7nccjqs.png,cksretxmsssql0yon9ods5fi7,green,0,0,0,0
Labelbox/golf-extra/masks/ckssqef7s0093316alswztsqy.png,cksretxmsssql0yon9ods5fi7,fairway,0,0,0,0
Labelbox/golf-extra/masks/ckssqfi8l0095316a7f0h28aq.png,cksretxmsssql0yon9ods5fi7,semirough,0,0,0,0
Labelbox/golf-extra/masks/ckssqgec40098316agyvq28bv.png,cksretxmsssql0yon9ods5fi7,rough,0,0,0,0
Labelbox/golf-extra/masks/ckssqh3tu009b316agk8k3fc0.png,cksretxmsssql0yon9ods5fi7,tree,0,0,0,0
Labelbox/golf-extra/masks/ckssqjohn009e316a81n0fail.png,cksretxmsssql0yon9ods5fi7,sky,0,0,0,0
Labelbox/golf-extra/masks/ckssq3tw40089316aaxkqe24g.png,cksretxmsssqg0yon7uzz2ld5,unknown,0,0,0,0
Labelbox/golf-extra/masks/ckssq4qqn008f316ayrhino0m.png,cksretxmsssqg0yon7uzz2ld5,green,0,0,0,0
Labelbox/golf-extra/masks/ckssq5ifs008h316atfrpntny.png,cksretxmsssqg0yon7uzz2ld5,fairway,0,0,0,0
Labelbox/golf-extra/masks/ckssq6ii2008j316azj4odrzf.png,cksretxmsssqg0yon7uzz2ld5,semirough,0,0,0,0
Labelbox/golf-extra/masks/ckssq74vb008l316a9itguewg.png,cksretxmsssqg0yon7uzz2ld5,rough,0,0,0,0
Labelbox/golf-extra/masks/ckssq7wfe008o316avdj86knr.png,cksretxmsssqg0yon7uzz2ld5,tree,0,0,0,0
Labelbox/golf-extra/masks/ckssqay4n008s316aftvmelob.png,cksretxmsssqg0yon7uzz2ld5,sky,0,0,0,0
Labelbox/golf-extra/masks/ckssqb8on008u316ak0rbhd0e.png,cksretxmsssqg0yon7uzz2ld5,unknown,0,0,0,0
Labelbox/golf-extra/masks/ckssps8kt007p316af2zrf8ib.png,cksretxmsssqb0yoncb92hwd4,unknown,0,0,0,0
Labelbox/golf-extra/masks/cksspwd7q007u316a16ok9sqp.png,cksretxmsssqb0yoncb92hwd4,green,0,0,0,0
Labelbox/golf-extra/masks/cksspykdz007x316afe101tfd.png,cksretxmsssqb0yoncb92hwd4,semirough,0,0,0,0
Labelbox/golf-extra/masks/cksspz1ht007z316a8ivqbdu8.png,cksretxmsssqb0yoncb92hwd4,fairway,0,0,0,0
Labelbox/golf-extra/masks/cksspzg6n0082316a73lbxkhp.png,cksretxmsssqb0yoncb92hwd4,tree,0,0,0,0
Labelbox/golf-extra/masks/ckssq2zt90085316alyufz85a.png,cksretxmsssqb0yoncb92hwd4,sky,0,0,0,0
Labelbox/golf-extra/masks/ckssqdpnj000031694hbvqvcs.png,cksretxmsssq60yon1fwkcn6v,tree,0,0,0,0
Labelbox/golf-extra/masks/ckssqfahk000431694kywoiyw.png,cksretxmsssq60yon1fwkcn6v,rough,0,0,0,0
Labelbox/golf-extra/masks/ckssqg2lj00073169mtz89n78.png,cksretxmsssq60yon1fwkcn6v,semirough,0,0,0,0
Labelbox/golf-extra/masks/ckssqgtf0000931693x3foj7a.png,cksretxmsssq60yon1fwkcn6v,unknown,0,0,0,0
Labelbox/golf-extra/masks/ckssqh0lc000b3169n6h6l3ic.png,cksretxmsssq60yon1fwkcn6v,green,0,0,0,0
Labelbox/golf-extra/masks/ckssqh4d7000c31699cik81p9.png,cksretxmsssq60yon1fwkcn6v,unknown,0,0,0,0
Labelbox/golf-extra/masks/ckssqhdvo000d3169l2jhw9gr.png,cksretxmsssq60yon1fwkcn6v,sky,0,0,0,0
Labelbox/golf-extra/masks/ckssq8rpe00003169atdqkbku.png,cksretxmsssq10yonh8poh1i4,green,0,0,0,0
Labelbox/golf-extra/masks/ckssq97jx000231695fwdxk9w.png,cksretxmsssq10yonh8poh1i4,fairway,0,0,0,0
Labelbox/golf-extra/masks/ckssq9l9y00043169ywx07juu.png,cksretxmsssq10yonh8poh1i4,tree,0,0,0,0
Labelbox/golf-extra/masks/ckssqavbn00063169le0rfjtq.png,cksretxmsssq10yonh8poh1i4,semirough,0,0,0,0
Labelbox/golf-extra/masks/ckssqb8ul00083169cotfrkxc.png,cksretxmsssq10yonh8poh1i4,rough,0,0,0,0
Labelbox/golf-extra/masks/ckssqbsb3000a3169tuak42dk.png,cksretxmsssq10yonh8poh1i4,unknown,0,0,0,0
Labelbox/golf-extra/masks/ckssqc4fi000d31696xpw61yh.png,cksretxmsssq10yonh8poh1i4,sky,0,0,0,0
Labelbox/golf-extra/masks/ckssq4xo300303169xvbla9ji.png,cksretxmssspr0yone9crah2b,flagpole,0,0,0,0
Labelbox/golf-extra/masks/ckssq5lhi00323169sexy67yn.png,cksretxmssspr0yone9crah2b,green,0,0,0,0
Labelbox/golf-extra/masks/ckssq6040003431695e7ofzui.png,cksretxmssspr0yone9crah2b,rough,0,0,0,0
Labelbox/golf-extra/masks/ckssq6jsu00363169x66u09rr.png,cksretxmssspr0yone9crah2b,tree,0,0,0,0
Labelbox/golf-extra/masks/ckssq7r3w00383169hbw80j8w.png,cksretxmssspr0yone9crah2b,sky,0,0,0,0
Labelbox/golf-extra/masks/ckssq7xng003931690g9ksim5.png,cksretxmssspr0yone9crah2b,rough,0,0,0,0
Labelbox/golf-extra/masks/ckssq811x003b3169ysdv0oqn.png,cksretxmssspr0yone9crah2b,semirough,0,0,0,0
Labelbox/golf-extra/masks/cksspzkzn002l31695633jz81.png,cksretxmssspm0yonba185non,green,0,0,0,0
Labelbox/golf-extra/masks/ckssq0ovi002n3169l3x8h9hz.png,cksretxmssspm0yonba185non,unknown,0,0,0,0
Labelbox/golf-extra/masks/ckssq1l8q002p31696fpehhgm.png,cksretxmssspm0yonba185non,rough,0,0,0,0
Labelbox/golf-extra/masks/ckssq1xsc002r3169wmsy4k15.png,cksretxmssspm0yonba185non,tree,0,0,0,0
Labelbox/golf-extra/masks/ckssq3xae002w3169vzc5v6ah.png,cksretxmssspm0yonba185non,unknown,0,0,0,0
Labelbox/golf-extra/masks/ckssq40is002x3169thw7ogd3.png,cksretxmssspm0yonba185non,sky,0,0,0,0
Labelbox/golf-extra/masks/cksspjq2e001p31697lv75kiv.png,cksretxmsssph0yoncw2t5xac,bunker,0,0,0,0
Labelbox/golf-extra/masks/cksspkbjp001s31692oic7vhl.png,cksretxmsssph0yoncw2t5xac,fairway,0,0,0,0
Labelbox/golf-extra/masks/ckssplhkq001u3169n6xifqez.png,cksretxmsssph0yoncw2t5xac,semirough,0,0,0,0
Labelbox/golf-extra/masks/ckssplt2q001v3169dqlg9a59.png,cksretxmsssph0yoncw2t5xac,rough,0,0,0,0
Labelbox/golf-extra/masks/ckssppjfh001x3169uqldr7h4.png,cksretxmsssph0yoncw2t5xac,tree,0,0,0,0
Labelbox/golf-extra/masks/cksspxirn002f3169usmqwht3.png,cksretxmsssph0yoncw2t5xac,unknown,0,0,0,0
Labelbox/golf-extra/masks/cksspxsaj002i3169r9637j6x.png,cksretxmsssph0yoncw2t5xac,sky,0,0,0,0
Labelbox/golf-extra/masks/ckssp4grq000v316967u4znbg.png,cksretxmssspc0yonbteael96,bunker,0,0,0,0
Labelbox/golf-extra/masks/ckssp5e3u000x3169nx74yqnt.png,cksretxmssspc0yonbteael96,fairway,0,0,0,0
Labelbox/golf-extra/masks/ckssp64az00103169erbhf0m7.png,cksretxmssspc0yonbteael96,rough,0,0,0,0
Labelbox/golf-extra/masks/ckssp84j6001431692nn0mkod.png,cksretxmssspc0yonbteael96,semirough,0,0,0,0
Labelbox/golf-extra/masks/ckssp8t6c00173169g372mclk.png,cksretxmssspc0yonbteael96,tree,0,0,0,0
Labelbox/golf-extra/masks/cksspgz3d001k3169qlazsu3o.png,cksretxmssspc0yonbteael96,unknown,0,0,0,0
Labelbox/golf-extra/masks/ckssphbz6001m3169b9typr4u.png,cksretxmssspc0yonbteael96,sky,0,0,0,0
Labelbox/golf-extra/masks/cksspfia6006y316akn13v325.png,cksretxmsssp70yon19np9cpf,unknown,0,0,0,0
Labelbox/golf-extra/masks/ckssph60w0074316awsy8qkn3.png,cksretxmsssp70yon19np9cpf,fairway,0,0,0,0
Labelbox/golf-extra/masks/cksspk65d0077316al68jufof.png,cksretxmsssp70yon19np9cpf,semirough,0,0,0,0
Labelbox/golf-extra/masks/ckssplwhz007b316apd4leznv.png,cksretxmsssp70yon19np9cpf,bunker,0,0,0,0
Labelbox/golf-extra/masks/cksspmafo007d316a7g08h9o2.png,cksretxmsssp70yon19np9cpf,rough,0,0,0,0
Labelbox/golf-extra/masks/cksspo928007h316agksy9h4c.png,cksretxmsssp70yon19np9cpf,tree,0,0,0,0
Labelbox/golf-extra/masks/ckssprcre007m316al2el79v2.png,cksretxmsssp70yon19np9cpf,sky,0,0,0,0
Labelbox/golf-extra/masks/ckssp60mh0069316aboccniz9.png,cksretxmsssp20yoneekc43wg,green,0,0,0,0
Labelbox/golf-extra/masks/ckssp6byt006b316abl460aez.png,cksretxmsssp20yoneekc43wg,semirough,0,0,0,0
Labelbox/golf-extra/masks/ckssp6y11006d316aey2ka93r.png,cksretxmsssp20yoneekc43wg,fairway,0,0,0,0
Labelbox/golf-extra/masks/ckssp8hx5006h316a5xxm5aiy.png,cksretxmsssp20yoneekc43wg,rough,0,0,0,0
Labelbox/golf-extra/masks/ckssp9xc5006k316ahm0deypy.png,cksretxmsssp20yoneekc43wg,tree,0,0,0,0
Labelbox/golf-extra/masks/cksspdvpp006s316a656w56vq.png,cksretxmsssp20yoneekc43wg,unknown,0,0,0,0
Labelbox/golf-extra/masks/ckssperxu006v316ais8rrxqf.png,cksretxmsssp20yoneekc43wg,sky,0,0,0,0
Labelbox/golf-extra/masks/ckssokbi0005m316al8p33978.png,cksretxmsssox0yong9vpdf69,green,0,0,0,0
Labelbox/golf-extra/masks/ckssoku00005o316aredhhhcl.png,cksretxmsssox0yong9vpdf69,semirough,0,0,0,0
Labelbox/golf-extra/masks/ckssom9vo005q316agr9z19x5.png,cksretxmsssox0yong9vpdf69,fairway,0,0,0,0
Labelbox/golf-extra/masks/ckssomnim005s316at3pcmx0m.png,cksretxmsssox0yong9vpdf69,rough,0,0,0,0
Labelbox/golf-extra/masks/ckssoo6ag005x316axslnrfsk.png,cksretxmsssox0yong9vpdf69,tree,0,0,0,0
Labelbox/golf-extra/masks/ckssp49td0062316aa8oxdnkk.png,cksretxmsssox0yong9vpdf69,sky,0,0,0,0
Labelbox/golf-extra/masks/ckssp5jjl0067316ac83ukr3g.png,cksretxmsssox0yong9vpdf69,unknown,0,0,0,0
Labelbox/golf-extra/masks/cksso3diy004q316a5c7b1r7e.png,cksretxmrssos0yonfl6tbp3c,unknown,0,0,0,0
Labelbox/golf-extra/masks/cksso54bn004x316aydq984rb.png,cksretxmrssos0yonfl6tbp3c,green,0,0,0,0
Labelbox/golf-extra/masks/cksso5v8r004z316ah448seke.png,cksretxmrssos0yonfl6tbp3c,semirough,0,0,0,0
Labelbox/golf-extra/masks/cksso7gk50051316apuhexx2z.png,cksretxmrssos0yonfl6tbp3c,fairway,0,0,0,0
Labelbox/golf-extra/masks/cksso8cug0053316a2aqb7l9s.png,cksretxmrssos0yonfl6tbp3c,semirough,0,0,0,0
Labelbox/golf-extra/masks/cksso8t810055316ah3aruk2s.png,cksretxmrssos0yonfl6tbp3c,rough,0,0,0,0
Labelbox/golf-extra/masks/ckssobia2005d316al0xx4a6y.png,cksretxmrssos0yonfl6tbp3c,tree,0,0,0,0
Labelbox/golf-extra/masks/ckssohm82005i316ale0r873k.png,cksretxmrssos0yonfl6tbp3c,sky,0,0,0,0
Labelbox/golf-extra/masks/ckssnmpmm003s316a40nngip6.png,cksretxmrsson0yona9xq2k3c,unknown,0,0,0,0
Labelbox/golf-extra/masks/ckssnpg2c003y316aykehp2hk.png,cksretxmrsson0yona9xq2k3c,green,0,0,0,0
Labelbox/golf-extra/masks/ckssnq6we0040316axyfjyccg.png,cksretxmrsson0yona9xq2k3c,semirough,0,0,0,0
Labelbox/golf-extra/masks/ckssnt4550044316asbf6wjle.png,cksretxmrsson0yona9xq2k3c,fairway,0,0,0,0
Labelbox/golf-extra/masks/ckssntqb10047316a67fogtm0.png,cksretxmrsson0yona9xq2k3c,rough,0,0,0,0
Labelbox/golf-extra/masks/ckssnxm5i004g316aa6rhicb1.png,cksretxmrsson0yona9xq2k3c,tree,0,0,0,0
Labelbox/golf-extra/masks/cksso2fo9004n316awmj2qub6.png,cksretxmrsson0yona9xq2k3c,sky,0,0,0,0
Labelbox/golf-extra/masks/ckssnczez0037316aihytzmez.png,cksretxmrssoi0yonef876i0w,unknown,0,0,0,0
Labelbox/golf-extra/masks/ckssnds0a003a316ah7fn5xv5.png,cksretxmrssoi0yonef876i0w,bunker,0,0,0,0
Labelbox/golf-extra/masks/ckssnev9g003e316afxwt5d49.png,cksretxmrssoi0yonef876i0w,semirough,0,0,0,0
Labelbox/golf-extra/masks/ckssngmv3003h316axgocakbt.png,cksretxmrssoi0yonef876i0w,fairway,0,0,0,0
Labelbox/golf-extra/masks/ckssnhd3e003j316aodtd7h42.png,cksretxmrssoi0yonef876i0w,rough,0,0,0,0
Labelbox/golf-extra/masks/ckssnj5ri003m316a63djvub9.png,cksretxmrssoi0yonef876i0w,tree,0,0,0,0
Labelbox/golf-extra/masks/ckssnlykp003q316a5jf5esw0.png,cksretxmrssoi0yonef876i0w,sky,0,0,0,0
Labelbox/golf-extra/masks/ckssn2c89002l316a1sjr07yt.png,cksretxmrssod0yon35qn8cjn,unknown,0,0,0,0
Labelbox/golf-extra/masks/ckssn3d3g002o316asbgdoynl.png,cksretxmrssod0yon35qn8cjn,fairway,0,0,0,0
Labelbox/golf-extra/masks/ckssn4nz9002r316a2ww2zk31.png,cksretxmrssod0yon35qn8cjn,bunker,0,0,0,0
Labelbox/golf-extra/masks/ckssn5j4l002t316aivnzmk0j.png,cksretxmrssod0yon35qn8cjn,semirough,0,0,0,0
Labelbox/golf-extra/masks/ckssn6jsa002v316aehlcshjh.png,cksretxmrssod0yon35qn8cjn,rough,0,0,0,0
Labelbox/golf-extra/masks/ckssn8ozg002z316a35um4yyo.png,cksretxmrssod0yon35qn8cjn,rough,0,0,0,0
Labelbox/golf-extra/masks/ckssnck140035316a63rp4c4z.png,cksretxmrssod0yon35qn8cjn,sky,0,0,0,0
Labelbox/golf-extra/masks/ckssmmn3m001v316askgj8xam.png,cksretxmrsso80yonaoli6dpf,unknown,0,0,0,0
Labelbox/golf-extra/masks/ckssmnams001x316aiooq9dvc.png,cksretxmrsso80yonaoli6dpf,fairway,0,0,0,0
Labelbox/golf-extra/masks/ckssmpri40024316alz2nchy3.png,cksretxmrsso80yonaoli6dpf,bunker,0,0,0,0
Labelbox/golf-extra/masks/ckssmqps50027316aqfyb6wnn.png,cksretxmrsso80yonaoli6dpf,semirough,0,0,0,0
Labelbox/golf-extra/masks/ckssmsojw002b316afhm6ibhi.png,cksretxmrsso80yonaoli6dpf,rough,0,0,0,0
Labelbox/golf-extra/masks/ckssmwg2c002f316amqcmsgpz.png,cksretxmrsso80yonaoli6dpf,tree,0,0,0,0
Labelbox/golf-extra/masks/ckssn1tgu002j316apwmleqxt.png,cksretxmrsso80yonaoli6dpf,sky,0,0,0,0
Labelbox/golf-extra/masks/ckssln4q70010316au581565a.png,cksretxmrsso30yonbuutahso,unknown,0,0,0,0
Labelbox/golf-extra/masks/ckssloig50015316avpl5h1bn.png,cksretxmrsso30yonbuutahso,bunker,0,0,0,0
Labelbox/golf-extra/masks/cksslqcwl0018316aypqvn26u.png,cksretxmrsso30yonbuutahso,fairway,0,0,0,0
Labelbox/golf-extra/masks/cksslqv93001a316avp1v5622.png,cksretxmrsso30yonbuutahso,rough,0,0,0,0
Labelbox/golf-extra/masks/cksslv5tc001f316a4tqrhhbl.png,cksretxmrsso30yonbuutahso,tree,0,0,0,0
Labelbox/golf-extra/masks/ckssm1akf001s316aa6atvkey.png,cksretxmrsso30yonbuutahso,sky,0,0,0,0
Labelbox/golf-extra/masks/cksskb5lr0000316azbxpew9i.png,cksretxmrssny0yonarw8e6gj,semirough,0,0,0,0
Labelbox/golf-extra/masks/cksskfewh0003316ali8ymq4n.png,cksretxmrssny0yonarw8e6gj,unknown,0,0,0,0
Labelbox/golf-extra/masks/cksskn0l50009316atghe812a.png,cksretxmrssny0yonarw8e6gj,bunker,0,0,0,0
Labelbox/golf-extra/masks/cksskp4wq000d316a42bw2dt4.png,cksretxmrssny0yonarw8e6gj,fairway,0,0,0,0
Labelbox/golf-extra/masks/cksskq8jj000f316a71zplvms.png,cksretxmrssny0yonarw8e6gj,semirough,0,0,0,0
Labelbox/golf-extra/masks/cksskr7ac000h316a8zn3iurq.png,cksretxmrssny0yonarw8e6gj,rough,0,0,0,0
Labelbox/golf-extra/masks/cksskx81e000j316app81biyx.png,cksretxmrssny0yonarw8e6gj,tree,0,0,0,0
Labelbox/golf-extra/masks/ckssljlsi000q316a5sxuqpk5.png,cksretxmrssny0yonarw8e6gj,unknown,0,0,0,0
Labelbox/golf-extra/masks/ckssljyqf000s316a3oe45xpk.png,cksretxmrssny0yonarw8e6gj,sky,0,0,0,0
Labelbox/golf-extra/masks/cksslkfvf000t316ado2xj8a2.png,cksretxmrssny0yonarw8e6gj,unknown,0,0,0,0
Labelbox/golf-extra/masks/ckssoom8200003169zkbumsbz.png,cksretxmrssnt0yon905xalcm,bunker,0,0,0,0
Labelbox/golf-extra/masks/ckssopeym00023169ntxwj4lr.png,cksretxmrssnt0yon905xalcm,fairway,0,0,0,0
Labelbox/golf-extra/masks/ckssoqn3w00063169w8w9vfeq.png,cksretxmrssnt0yon905xalcm,rough,0,0,0,0
Labelbox/golf-extra/masks/ckssotq6t000a3169ydgdghfd.png,cksretxmrssnt0yon905xalcm,semirough,0,0,0,0
Labelbox/golf-extra/masks/ckssotxvt000b3169eraw6qgy.png,cksretxmrssnt0yon905xalcm,tree,0,0,0,0
Labelbox/golf-extra/masks/ckssp3bkf000q3169xk0ls68d.png,cksretxmrssnt0yon905xalcm,unknown,0,0,0,0
Labelbox/golf-extra/masks/ckssp3pmu000s31690syf6hg0.png,cksretxmrssnt0yon905xalcm,sky,0,0,0,0
Labelbox/golf-extra/masks/ckssp3wqx000t3169g6ckwml2.png,cksretxmrssnt0yon905xalcm,unknown,0,0,0,0
Labelbox/golf-extra/masks/cksso11mr003c3169i7dpnmj0.png,cksretxmrssnj0yoneh822ska,bunker,0,0,0,0
Labelbox/golf-extra/masks/cksso1z2u003f3169jeslloib.png,cksretxmrssnj0yoneh822ska,unknown,0,0,0,0
Labelbox/golf-extra/masks/cksso396w003h3169ptcg44lh.png,cksretxmrssnj0yoneh822ska,fairway,0,0,0,0
Labelbox/golf-extra/masks/cksso45f6003j31696x4944gz.png,cksretxmrssnj0yoneh822ska,semirough,0,0,0,0
Labelbox/golf-extra/masks/cksso5by7003m3169sbjczwl5.png,cksretxmrssnj0yoneh822ska,rough,0,0,0,0
Labelbox/golf-extra/masks/ckssoe42v003p316951sulqod.png,cksretxmrssnj0yoneh822ska,tree,0,0,0,0
Labelbox/golf-extra/masks/ckssomun4003x3169qwe4yoza.png,cksretxmrssnj0yoneh822ska,sky,0,0,0,0
Labelbox/golf-extra/masks/ckssonmpe003z3169r8dsswil.png,cksretxmrssnj0yoneh822ska,unknown,0,0,0,0
Labelbox/golf-extra/masks/ckssnavxd002v3169b432shhs.png,cksretxmrssne0yongn9qhp31,bunker,0,0,0,0
Labelbox/golf-extra/masks/ckssnc8d6002z3169w17wayn2.png,cksretxmrssne0yongn9qhp31,fairway,0,0,0,0
Labelbox/golf-extra/masks/ckssndvlz00323169xz3z31ib.png,cksretxmrssne0yongn9qhp31,semirough,0,0,0,0
Labelbox/golf-extra/masks/ckssnfpym0035316965952oqn.png,cksretxmrssne0yongn9qhp31,rough,0,0,0,0
Labelbox/golf-extra/masks/ckssni7i200373169z7r3ew1o.png,cksretxmrssne0yongn9qhp31,tree,0,0,0,0
Labelbox/golf-extra/masks/ckssnptqx00393169u3sgmj3n.png,cksretxmrssne0yongn9qhp31,sky,0,0,0,0
Labelbox/golf-extra/masks/ckssnpyv6003a3169a4dncve3.png,cksretxmrssne0yongn9qhp31,unknown,0,0,0,0
Labelbox/golf-extra/masks/ckssn3c57002g3169m9rq0l2z.png,cksretxmrssn90yonev1686om,bunker,0,0,0,0
Labelbox/golf-extra/masks/ckssn3xrn002i3169fad6pigq.png,cksretxmrssn90yonev1686om,fairway,0,0,0,0
Labelbox/golf-extra/masks/ckssn4znu002k3169vi2piz8l.png,cksretxmrssn90yonev1686om,semirough,0,0,0,0
Labelbox/golf-extra/masks/ckssn5qfh002n3169msp3jg2r.png,cksretxmrssn90yonev1686om,rough,0,0,0,0
Labelbox/golf-extra/masks/ckssn73pz002p3169a9mkyzc6.png,cksretxmrssn90yonev1686om,tree,0,0,0,0
Labelbox/golf-extra/masks/ckssn9zom002s3169jwz0kvq4.png,cksretxmrssn90yonev1686om,sky,0,0,0,0
Labelbox/golf-extra/masks/ckssna3vq002t3169r89pwgxa.png,cksretxmrssn90yonev1686om,unknown,0,0,0,0
Labelbox/golf-extra/masks/ckssmtodz001u3169ny5y6r4b.png,cksretxmrssn40yon9n5dhlhg,bunker,0,0,0,0
Labelbox/golf-extra/masks/ckssmus8w001w31692ih8zfoa.png,cksretxmrssn40yon9n5dhlhg,fairway,0,0,0,0
Labelbox/golf-extra/masks/ckssmvjqq001y31691qlnjz9a.png,cksretxmrssn40yon9n5dhlhg,semirough,0,0,0,0
Labelbox/golf-extra/masks/ckssmwa1d0021316923707k84.png,cksretxmrssn40yon9n5dhlhg,flagpole,0,0,0,0
Labelbox/golf-extra/masks/ckssmwryt0023316955kv30sx.png,cksretxmrssn40yon9n5dhlhg,rough,0,0,0,0
Labelbox/golf-extra/masks/ckssmxu3b00253169799vyjxs.png,cksretxmrssn40yon9n5dhlhg,tree,0,0,0,0
Labelbox/golf-extra/masks/ckssn2hlx00283169of8u57qg.png,cksretxmrssn40yon9n5dhlhg,sky,0,0,0,0
Labelbox/golf-extra/masks/ckssn2pp800293169ej3k0nr8.png,cksretxmrssn40yon9n5dhlhg,unknown,0,0,0,0
Labelbox/golf-extra/masks/cksslxu81001a31691p8lva5f.png,cksretxmrssmz0yon2y2t909j,bunker,0,0,0,0
Labelbox/golf-extra/masks/cksslz0xc001d3169z0rqqw5d.png,cksretxmrssmz0yon2y2t909j,fairway,0,0,0,0
Labelbox/golf-extra/masks/ckssm01pm001f3169uu38ie6e.png,cksretxmrssmz0yon2y2t909j,rough,0,0,0,0
Labelbox/golf-extra/masks/ckssm1t3k001h3169o4g176ku.png,cksretxmrssmz0yon2y2t909j,semirough,0,0,0,0
Labelbox/golf-extra/masks/ckssmne01001k3169f0qufn44.png,cksretxmrssmz0yon2y2t909j,flagpole,0,0,0,0
Labelbox/golf-extra/masks/ckssmo331001o316951y8miyr.png,cksretxmrssmz0yon2y2t909j,tree,0,0,0,0
Labelbox/golf-extra/masks/ckssmsdez001r3169n3yh17z0.png,cksretxmrssmz0yon2y2t909j,sky,0,0,0,0
Labelbox/golf-extra/masks/ckssmsisf001s3169ygoxh4jc.png,cksretxmrssmz0yon2y2t909j,unknown,0,0,0,0
Labelbox/golf-extra/masks/cksslm0g7000u3169sxxqpx1h.png,cksretxmrssmu0yon96fs02a1,bunker,0,0,0,0
Labelbox/golf-extra/masks/cksslnk0b000x31699zzx125e.png,cksretxmrssmu0yon96fs02a1,fairway,0,0,0,0
Labelbox/golf-extra/masks/cksslopyv000z3169i0u74s1u.png,cksretxmrssmu0yon96fs02a1,rough,0,0,0,0
Labelbox/golf-extra/masks/cksslpnjs00123169lvol9wqf.png,cksretxmrssmu0yon96fs02a1,semirough,0,0,0,0
Labelbox/golf-extra/masks/cksslqha200143169ixlrldpx.png,cksretxmrssmu0yon96fs02a1,tree,0,0,0,0
Labelbox/golf-extra/masks/ckssluwut001631696p1hwv60.png,cksretxmrssmu0yon96fs02a1,sky,0,0,0,0
Labelbox/golf-extra/masks/cksslv2ck00173169qfyg6lah.png,cksretxmrssmu0yon96fs02a1,unknown,0,0,0,0
Labelbox/golf-extra/masks/ckssku7tw000b3169y558syii.png,cksretxmrssmp0yon4a5vba21,bunker,0,0,0,0
Labelbox/golf-extra/masks/cksskvk1e000d3169v9vf1o9c.png,cksretxmrssmp0yon4a5vba21,fairway,0,0,0,0
Labelbox/golf-extra/masks/cksskwkdj000f3169zq86xkk2.png,cksretxmrssmp0yon4a5vba21,rough,0,0,0,0
Labelbox/golf-extra/masks/cksslfjhx000j3169v6y96cxn.png,cksretxmrssmp0yon4a5vba21,semirough,0,0,0,0
Labelbox/golf-extra/masks/cksslgct8000l3169012hjats.png,cksretxmrssmp0yon4a5vba21,tree,0,0,0,0
Labelbox/golf-extra/masks/cksslkavj000n3169q261911j.png,cksretxmrssmp0yon4a5vba21,sky,0,0,0,0
Labelbox/golf-extra/masks/cksslkg6j000o31691a1foa97.png,cksretxmrssmp0yon4a5vba21,unknown,0,0,0,0
Labelbox/golf-extra/masks/ckssk9ggb00003169m6cjqgwc.png,cksretxmrssmk0yonfm3ofjz8,bunker,0,0,0,0
Labelbox/golf-extra/masks/cksskb94a00023169207wlo4g.png,cksretxmrssmk0yonfm3ofjz8,fairway,0,0,0,0
Labelbox/golf-extra/masks/cksskmgb800043169m8460233.png,cksretxmrssmk0yonfm3ofjz8,semirough,0,0,0,0
Labelbox/golf-extra/masks/ckssknfoa00063169mb2ad3wd.png,cksretxmrssmk0yonfm3ofjz8,tree,0,0,0,0
Labelbox/golf-extra/masks/cksskrb8f00083169k4aam42x.png,cksretxmrssmk0yonfm3ofjz8,sky,0,0,0,0
Labelbox/golf-extra/masks/cksskse2a00093169jr9qmyes.png,cksretxmrssmk0yonfm3ofjz8,unknown,0,0,0,0
Labelbox/golf-extra/masks/cksrqijhj000o316aw1u2r175.png,cksretxmrssmf0yon6m0a46r9,unknown,0,0,0,0
Labelbox/golf-extra/masks/cksrqlnmq0015316aekpci08j.png,cksretxmrssmf0yon6m0a46r9,bunker,0,0,0,0
Labelbox/golf-extra/masks/cksrqm39d0017316amcti78y8.png,cksretxmrssmf0yon6m0a46r9,fairway,0,0,0,0
Labelbox/golf-extra/masks/cksrqmvb40019316aoaeeej3l.png,cksretxmrssmf0yon6m0a46r9,semirough,0,0,0,0
Labelbox/golf-extra/masks/cksrqnkko001b316aj7sd45aa.png,cksretxmrssmf0yon6m0a46r9,rough,0,0,0,0
Labelbox/golf-extra/masks/cksrqp0qq001d316a47m22c4s.png,cksretxmrssmf0yon6m0a46r9,tree,0,0,0,0
Labelbox/golf-extra/masks/cksrqu5o0001k316a0qe11exp.png,cksretxmrssmf0yon6m0a46r9,sky,0,0,0,0
Labelbox/golf-extra/masks/cksrq5knc0000316ap1usurx3.png,cksretxmrssma0yonemb9f0lt,unknown,0,0,0,0
Labelbox/golf-extra/masks/cksrq6w1x0003316aj4cgffdo.png,cksretxmrssma0yonemb9f0lt,fairway,0,0,0,0
Labelbox/golf-extra/masks/cksrq8dtq0005316ai8basimk.png,cksretxmrssma0yonemb9f0lt,bunker,0,0,0,0
Labelbox/golf-extra/masks/cksrq90b90007316agm6a0brb.png,cksretxmrssma0yonemb9f0lt,semirough,0,0,0,0
Labelbox/golf-extra/masks/cksrqa3kp000a316adaa8kslm.png,cksretxmrssma0yonemb9f0lt,tree,0,0,0,0
Labelbox/golf-extra/masks/cksrqfawz000d316ai50vyczp.png,cksretxmrssma0yonemb9f0lt,rough,0,0,0,0
Labelbox/golf-extra/masks/cksrqgkbd000g316ao19wuqw5.png,cksretxmrssma0yonemb9f0lt,unknown,0,0,0,0
Labelbox/golf-extra/masks/cksrqhpso000m316avn60mtsu.png,cksretxmrssma0yonemb9f0lt,sky,0,0,0,0
Labelbox/golf-extra/masks/cksrpsk77001h3b6a074s5rbi.png,cksretxmrssm50yon3abr0vaz,bunker,0,0,0,0
Labelbox/golf-extra/masks/cksrptcpw001k3b6acqyms331.png,cksretxmrssm50yon3abr0vaz,unknown,0,0,0,0
Labelbox/golf-extra/masks/cksrptntm001n3b6a4d3kejl4.png,cksretxmrssm50yon3abr0vaz,fairway,0,0,0,0
Labelbox/golf-extra/masks/cksrpuomk001p3b6akps8i1pl.png,cksretxmrssm50yon3abr0vaz,semirough,0,0,0,0
Labelbox/golf-extra/masks/cksrpve2d001r3b6aulm2a8ur.png,cksretxmrssm50yon3abr0vaz,rough,0,0,0,0
Labelbox/golf-extra/masks/cksrpx2as001t3b6ak7xklu9o.png,cksretxmrssm50yon3abr0vaz,tree,0,0,0,0
Labelbox/golf-extra/masks/cksrq1f8s001v3b6anzxy2ips.png,cksretxmrssm50yon3abr0vaz,sky,0,0,0,0
Labelbox/golf-extra/masks/cksrkk80n00303169ncdixtz6.png,cksretxmrssm00yon5w4s8e28,green,0,0,0,0
Labelbox/golf-extra/masks/cksrkkpnr00323169k0ebhl8b.png,cksretxmrssm00yon5w4s8e28,fairway,0,0,0,0
Labelbox/golf-extra/masks/cksrkle2b00343169o6dvield.png,cksretxmrssm00yon5w4s8e28,semirough,0,0,0,0
Labelbox/golf-extra/masks/cksrkm5sf00373169lvrkbi15.png,cksretxmrssm00yon5w4s8e28,rough,0,0,0,0
Labelbox/golf-extra/masks/cksrkonxr00393169xzr0g6ia.png,cksretxmrssm00yon5w4s8e28,tree,0,0,0,0
Labelbox/golf-extra/masks/cksrku7b0003c3169dfc51pvy.png,cksretxmrssm00yon5w4s8e28,unknown,0,0,0,0
Labelbox/golf-extra/masks/cksrkusjb003e31697bo681ik.png,cksretxmrssm00yon5w4s8e28,sky,0,0,0,0
Labelbox/golf-extra/masks/cksriaqig002c316942ceiddr.png,cksretxmrsslv0yonagkig7e3,green,0,0,0,0
Labelbox/golf-extra/masks/cksribnqu002e3169h36rxsz3.png,cksretxmrsslv0yonagkig7e3,fairway,0,0,0,0
Labelbox/golf-extra/masks/cksricslb002g31694naazrxb.png,cksretxmrsslv0yonagkig7e3,semirough,0,0,0,0
Labelbox/golf-extra/masks/cksridz83002j3169x97g4kdp.png,cksretxmrsslv0yonagkig7e3,rough,0,0,0,0
Labelbox/golf-extra/masks/cksrjqg3w002q3169exdmetum.png,cksretxmrsslv0yonagkig7e3,tree,0,0,0,0
Labelbox/golf-extra/masks/cksrkj4go002x3169jlx8cgnh.png,cksretxmrsslv0yonagkig7e3,sky,0,0,0,0
Labelbox/golf-extra/masks/cksrkji9z002y316931n4o479.png,cksretxmrsslv0yonagkig7e3,unknown,0,0,0,0
Labelbox/golf-extra/masks/cksrhhi2q000y3169md04tj7w.png,cksretxmrsslq0yon4l32g4ko,unknown,0,0,0,0
Labelbox/golf-extra/masks/cksrhmcvk001a3169gwn78nlb.png,cksretxmrsslq0yon4l32g4ko,flagpole,0,0,0,0
Labelbox/golf-extra/masks/cksrhnwtp001c3169rmu66k4u.png,cksretxmrsslq0yon4l32g4ko,green,0,0,0,0
Labelbox/golf-extra/masks/cksrhpvc0001g3169b0qk2jmg.png,cksretxmrsslq0yon4l32g4ko,semirough,0,0,0,0
Labelbox/golf-extra/masks/cksrhqi8k001i31696k1nbwvi.png,cksretxmrsslq0yon4l32g4ko,fairway,0,0,0,0
Labelbox/golf-extra/masks/cksrhrjzd001k3169letbjaan.png,cksretxmrsslq0yon4l32g4ko,rough,0,0,0,0
Labelbox/golf-extra/masks/cksrhyxpu001y3169txsdgubp.png,cksretxmrsslq0yon4l32g4ko,tree,0,0,0,0
Labelbox/golf-extra/masks/cksri91ja002a31698k035pdd.png,cksretxmrsslq0yon4l32g4ko,sky,0,0,0,0
Labelbox/golf-extra/masks/cksrgporj000d3169chd3af5g.png,cksretxmrssll0yondtzw029c,green,0,0,0,0
Labelbox/golf-extra/masks/cksrgqvxp000f31691mn08bxi.png,cksretxmrssll0yondtzw029c,fairway,0,0,0,0
Labelbox/golf-extra/masks/cksrgrr39000j31699ch875c5.png,cksretxmrssll0yondtzw029c,semirough,0,0,0,0
Labelbox/golf-extra/masks/cksrgsv1r000l3169kgsw38a3.png,cksretxmrssll0yondtzw029c,rough,0,0,0,0
Labelbox/golf-extra/masks/cksrgvnf6000p3169xj4okwok.png,cksretxmrssll0yondtzw029c,unknown,0,0,0,0
Labelbox/golf-extra/masks/cksrgwfve000s3169rh8ep1wx.png,cksretxmrssll0yondtzw029c,sky,0,0,0,0
Labelbox/golf-extra/masks/cksrh9ttp000v316921sm0fye.png,cksretxmrssll0yondtzw029c,flagpole,0,0,0,0
Labelbox/golf-extra/masks/cksrha6qx000x3169uka37aru.png,cksretxmrssll0yondtzw029c,tree,0,0,0,0
Labelbox/golf-extra/masks/cksrgkjfu000131694cttn7xb.png,cksretxmrsslg0yongta967wg,green,0,0,0,0
Labelbox/golf-extra/masks/cksrgl6bg00033169x2dfzanh.png,cksretxmrsslg0yongta967wg,semirough,0,0,0,0
Labelbox/golf-extra/masks/cksrgm56000053169xod06ras.png,cksretxmrsslg0yongta967wg,unknown,0,0,0,0
Labelbox/golf-extra/masks/cksrgmqs700093169y9m986we.png,cksretxmrsslg0yongta967wg,rough,0,0,0,0
Labelbox/golf-extra/masks/cksrgo37a000b31699dahht86.png,cksretxmrsslg0yongta967wg,tree,0,0,0,0
Labelbox/golf-extra/masks/cksrppgeu00133b6aoyv2hyr2.png,cksretxmqsslb0yonf3nv7le2,green,0,0,0,0
Labelbox/golf-extra/masks/cksrppxdg00153b6aafb2vzxj.png,cksretxmqsslb0yonf3nv7le2,unknown,0,0,0,0
Labelbox/golf-extra/masks/cksrpq4iy00173b6axznm3sqg.png,cksretxmqsslb0yonf3nv7le2,semirough,0,0,0,0
Labelbox/golf-extra/masks/cksrpqopf00193b6acuhwlbv9.png,cksretxmqsslb0yonf3nv7le2,rough,0,0,0,0
Labelbox/golf-extra/masks/cksrprk84001c3b6axy6forjs.png,cksretxmqsslb0yonf3nv7le2,tree,0,0,0,0
Labelbox/golf-extra/masks/cksrps2sq001f3b6am831ozky.png,cksretxmqsslb0yonf3nv7le2,unknown,0,0,0,0
Labelbox/golf-extra/masks/cksrpluf1000l3b6aacvxq93c.png,cksretxmqssl60yon68gk5cu7,flagpole,0,0,0,0
Labelbox/golf-extra/masks/cksrpmcit000n3b6a0431ixjh.png,cksretxmqssl60yon68gk5cu7,green,0,0,0,0
Labelbox/golf-extra/masks/cksrpna8m000s3b6ae51tipht.png,cksretxmqssl60yon68gk5cu7,semirough,0,0,0,0
Labelbox/golf-extra/masks/cksrpnsy4000u3b6aihg8dq3d.png,cksretxmqssl60yon68gk5cu7,rough,0,0,0,0
Labelbox/golf-extra/masks/cksrpoft6000x3b6ap7ub6p6z.png,cksretxmqssl60yon68gk5cu7,sky,0,0,0,0
Labelbox/golf-extra/masks/cksrpouca000z3b6ahuyt2lvt.png,cksretxmqssl60yon68gk5cu7,tree,0,0,0,0
Labelbox/golf-extra/masks/cksrpp4be00113b6ajrbnks1p.png,cksretxmqssl60yon68gk5cu7,unknown,0,0,0,0
Labelbox/golf-extra/masks/cksrpec1r00003b6a1f8eno2h.png,cksretxmqssl10yon5agy16b4,fairway,0,0,0,0
Labelbox/golf-extra/masks/cksrpf14c00023b6a834ogp7x.png,cksretxmqssl10yon5agy16b4,semirough,0,0,0,0
Labelbox/golf-extra/masks/cksrpfqvx00043b6amatfzxol.png,cksretxmqssl10yon5agy16b4,tree,0,0,0,0
Labelbox/golf-extra/masks/cksrpjyxy000f3b6asiuzonen.png,cksretxmqssl10yon5agy16b4,rough,0,0,0,0
Labelbox/golf-extra/masks/cksrpkwn2000h3b6aayzm6agz.png,cksretxmqssl10yon5agy16b4,sky,0,0,0,0
Labelbox/golf-extra/masks/cksrplit7000j3b6asevat8at.png,cksretxmqssl10yon5agy16b4,unknown,0,0,0,0
Labelbox/golf-extra/masks/cksrp4ba6002y3b6auuvwk4gb.png,cksretxmqsskw0yon8ugh8eka,green,0,0,0,0
Labelbox/golf-extra/masks/cksrp4w2r00313b6a1u72ogek.png,cksretxmqsskw0yon8ugh8eka,fairway,0,0,0,0
Labelbox/golf-extra/masks/cksrp5ldy00333b6apy54wj3s.png,cksretxmqsskw0yon8ugh8eka,rough,0,0,0,0
Labelbox/golf-extra/masks/cksrp74ce00373b6ak9urfm9g.png,cksretxmqsskw0yon8ugh8eka,tree,0,0,0,0
Labelbox/golf-extra/masks/cksrpaerx003h3b6abwvwsw92.png,cksretxmqsskw0yon8ugh8eka,sky,0,0,0,0
Labelbox/golf-extra/masks/cksrpbpg5003l3b6amwy05wtv.png,cksretxmqsskw0yon8ugh8eka,semirough,0,0,0,0
Labelbox/golf-extra/masks/cksrpcdqi003n3b6aodvj5zcf.png,cksretxmqsskw0yon8ugh8eka,unknown,0,0,0,0
Labelbox/golf-extra/masks/cksroqkpw00263b6akip965w6.png,cksretxmqsskr0yon93j0giub,semirough,0,0,0,0
Labelbox/golf-extra/masks/cksrorlst00293b6altlaqc78.png,cksretxmqsskr0yon93j0giub,green,0,0,0,0
Labelbox/golf-extra/masks/cksros2vz002b3b6a1unt7awi.png,cksretxmqsskr0yon93j0giub,fairway,0,0,0,0
Labelbox/golf-extra/masks/cksrot18f002d3b6avuo4dku0.png,cksretxmqsskr0yon93j0giub,semirough,0,0,0,0
Labelbox/golf-extra/masks/cksrotvo7002f3b6a277vj5l2.png,cksretxmqsskr0yon93j0giub,rough,0,0,0,0
Labelbox/golf-extra/masks/cksroux3w002i3b6ap650av3f.png,cksretxmqsskr0yon93j0giub,tree,0,0,0,0
Labelbox/golf-extra/masks/cksrp1692002t3b6a43k096lr.png,cksretxmqsskr0yon93j0giub,sky,0,0,0,0
Labelbox/golf-extra/masks/cksrp368e002w3b6ayvzjg4c7.png,cksretxmqsskr0yon93j0giub,unknown,0,0,0,0
Labelbox/golf-extra/masks/cksro7jme001i3b6agfxmy93b.png,cksretxmqsskm0yon1dog42t6,green,0,0,0,0
Labelbox/golf-extra/masks/cksrobmmx001m3b6ais25jf80.png,cksretxmqsskm0yon1dog42t6,fairway,0,0,0,0
Labelbox/golf-extra/masks/cksrod4ig001o3b6aqhd5mk4n.png,cksretxmqsskm0yon1dog42t6,semirough,0,0,0,0
Labelbox/golf-extra/masks/cksrof7xc001q3b6ampscdcvb.png,cksretxmqsskm0yon1dog42t6,tree,0,0,0,0
Labelbox/golf-extra/masks/cksronc5k001u3b6au0u42gwm.png,cksretxmqsskm0yon1dog42t6,sky,0,0,0,0
Labelbox/golf-extra/masks/cksrony5r001w3b6ali5lsndj.png,cksretxmqsskm0yon1dog42t6,rough,0,0,0,0
Labelbox/golf-extra/masks/cksrop93q001y3b6awfnftz2r.png,cksretxmqsskm0yon1dog42t6,semirough,0,0,0,0
Labelbox/golf-extra/masks/cksroq1c700243b6a8kiyxd9y.png,cksretxmqsskm0yon1dog42t6,unknown,0,0,0,0
Labelbox/golf-extra/masks/cksrnvzu100123b6af4mb7o1v.png,cksretxmqsskh0yon01rqbmy9,unknown,0,0,0,0
Labelbox/golf-extra/masks/cksrnwrgx00143b6a0uy6qsko.png,cksretxmqsskh0yon01rqbmy9,green,0,0,0,0
Labelbox/golf-extra/masks/cksrnxhy300163b6aw4eti23d.png,cksretxmqsskh0yon01rqbmy9,semirough,0,0,0,0
Labelbox/golf-extra/masks/cksro0p7u00183b6azp2c7whu.png,cksretxmqsskh0yon01rqbmy9,fairway,0,0,0,0
Labelbox/golf-extra/masks/cksro1q7l001a3b6ay1t68lyx.png,cksretxmqsskh0yon01rqbmy9,tree,0,0,0,0
Labelbox/golf-extra/masks/cksro60oe001d3b6apd4che8p.png,cksretxmqsskh0yon01rqbmy9,rough,0,0,0,0
Labelbox/golf-extra/masks/cksro6lxm001g3b6ahxvl489a.png,cksretxmqsskh0yon01rqbmy9,sky,0,0,0,0
Labelbox/golf-extra/masks/cksrnhm21000i3b6a421r44ro.png,cksretxmqsskc0yonaw80h6mh,unknown,0,0,0,0
Labelbox/golf-extra/masks/cksrnid8r000k3b6a5aqb5t51.png,cksretxmqsskc0yonaw80h6mh,green,0,0,0,0
Labelbox/golf-extra/masks/cksrnj6rd000m3b6aond7mlh1.png,cksretxmqsskc0yonaw80h6mh,semirough,0,0,0,0
Labelbox/golf-extra/masks/cksrnm06k000o3b6aevivnksz.png,cksretxmqsskc0yonaw80h6mh,fairway,0,0,0,0
Labelbox/golf-extra/masks/cksrno7h3000s3b6aepe84sl6.png,cksretxmqsskc0yonaw80h6mh,rough,0,0,0,0
Labelbox/golf-extra/masks/cksrnpt3f000x3b6ako5hj9yd.png,cksretxmqsskc0yonaw80h6mh,tree,0,0,0,0
Labelbox/golf-extra/masks/cksrnvaya00103b6agxajc4kp.png,cksretxmqsskc0yonaw80h6mh,sky,0,0,0,0
Labelbox/golf-extra/masks/cksrmoewf00003b6ap34e7vwh.png,cksretxmqssk70yonclwiatkz,unknown,0,0,0,0
Labelbox/golf-extra/masks/cksrmq63a00023b6atj751qwd.png,cksretxmqssk70yonclwiatkz,green,0,0,0,0
Labelbox/golf-extra/masks/cksrn1hfp00043b6ayr4b3i4y.png,cksretxmqssk70yonclwiatkz,semirough,0,0,0,0
Labelbox/golf-extra/masks/cksrn89wm00093b6au8cibfjo.png,cksretxmqssk70yonclwiatkz,fairway,0,0,0,0
Labelbox/golf-extra/masks/cksrn9c1h000b3b6aucat3239.png,cksretxmqssk70yonclwiatkz,tree,0,0,0,0
Labelbox/golf-extra/masks/cksrng2bw000e3b6aj76gd0m7.png,cksretxmqssk70yonclwiatkz,sky,0,0,0,0
Labelbox/golf-extra/masks/cksraz53y00003b6akzd64pvu.png,cksretxmqssk20yon2cvr0m4w,green,0,0,0,0
Labelbox/golf-extra/masks/cksrb26q000043b6apwdtiout.png,cksretxmqssk20yon2cvr0m4w,semirough,0,0,0,0
Labelbox/golf-extra/masks/cksrb64nj00083b6aux332ry4.png,cksretxmqssk20yon2cvr0m4w,unknown,0,0,0,0
Labelbox/golf-extra/masks/cksrkv5q900003b6ai72mu3eq.png,cksretxmqssk20yon2cvr0m4w,fairway,0,0,0,0
Labelbox/golf-extra/masks/cksrkxyqw00033b6ahclbel04.png,cksretxmqssk20yon2cvr0m4w,rough,0,0,0,0
Labelbox/golf-extra/masks/cksrl0aqf00063b6aqv5itwg2.png,cksretxmqssk20yon2cvr0m4w,tree,0,0,0,0
Labelbox/golf-extra/masks/cksrl63ew000a3b6akak5big8.png,cksretxmqssk20yon2cvr0m4w,sky,0,0,0,0
