Labelbox/golf-examples/masks/ckrluijgx08im316amfoal8b8.png,ckrlpgdti3ly00ypf3mb27pad,fairway,0,0,0,0
Labelbox/golf-examples/masks/ckrlujrg908io316aeez0feyf.png,ckrlpgdti3ly00ypf3mb27pad,tree,0,0,0,0
Labelbox/golf-examples/masks/ckrluo9300wrj316aaxbaky12.png,ckrlpgdti3ly00ypf3mb27pad,sky,0,0,0,0
Labelbox/golf-examples/masks/ckrluphye0wro316arcfuvfeq.png,ckrlpgdti3ly00ypf3mb27pad,unknown,0,0,0,0
Labelbox/golf-examples/masks/ckrlq1qbv00033169baeezuea.png,ckrlpgdti3lxv0ypf5dnnavu6,unknown,0,0,0,0
Labelbox/golf-examples/masks/ckrlq1zxq00053169dgiedlhm.png,ckrlpgdti3lxv0ypf5dnnavu6,fairway,0,0,0,0
Labelbox/golf-examples/masks/ckrlq33xu00073169hxd8lfsc.png,ckrlpgdti3lxv0ypf5dnnavu6,rough,0,0,0,0
Labelbox/golf-examples/masks/ckrlq6kb0000c3169um8ps0fr.png,ckrlpgdti3lxv0ypf5dnnavu6,tree,0,0,0,0
Labelbox/golf-examples/masks/ckrlq9rc1000e31691ix33zh7.png,ckrlpgdti3lxv0ypf5dnnavu6,semirough,0,0,0,0
Labelbox/golf-examples/masks/ckrlqa1ei000f3169orsrrzga.png,ckrlpgdti3lxv0ypf5dnnavu6,sky,0,0,0,0
Labelbox/golf-examples/masks/ckrm1hpd44e7b316awo6pqtor.png,ckrlpgdti3lxq0ypfamqu32qe,semirough,0,0,0,0
Labelbox/golf-examples/masks/ckrm1j9ry4e7f316ak3oetn25.png,ckrlpgdti3lxq0ypfamqu32qe,rough,0,0,0,0
Labelbox/golf-examples/masks/ckrm1kdh44e7h316atvk371ih.png,ckrlpgdti3lxq0ypfamqu32qe,tree,0,0,0,0
Labelbox/golf-examples/masks/ckrm1n4kc4e7n316a4sawdm0p.png,ckrlpgdti3lxq0ypfamqu32qe,sky,0,0,0,0
Labelbox/golf-examples/masks/ckrm1na5k4e7o316avg4ka32t.png,ckrlpgdti3lxq0ypfamqu32qe,unknown,0,0,0,0
Labelbox/golf-examples/masks/ckrlttpkr0wh2316aua42qauh.png,ckrlpgdth3lxl0ypffw7q18jv,semirough,0,0,0,0
Labelbox/golf-examples/masks/ckrltvx1018fb316av43mphj2.png,ckrlpgdth3lxl0ypffw7q18jv,rough,0,0,0,0
Labelbox/golf-examples/masks/ckrltybow1cjs316aof3jt0y7.png,ckrlpgdth3lxl0ypffw7q18jv,tree,0,0,0,0
Labelbox/golf-examples/masks/ckrltzjq21kdo316a2orry1e9.png,ckrlpgdth3lxl0ypffw7q18jv,unknown,0,0,0,0
Labelbox/golf-examples/masks/ckrltzojr1kdp316a33uwwa94.png,ckrlpgdth3lxl0ypffw7q18jv,sky,0,0,0,0
Labelbox/golf-examples/masks/ckrm5zt7b8pho316ab8t9odoh.png,ckrlpgdth3lxg0ypfgitgbws7,rough,0,0,0,0
Labelbox/golf-examples/masks/ckrm663yh8pi2316arcxcgztc.png,ckrlpgdth3lxg0ypfgitgbws7,semirough,0,0,0,0
Labelbox/golf-examples/masks/ckrm66e7d8pi4316a1c18e6v2.png,ckrlpgdth3lxg0ypfgitgbws7,tree,0,0,0,0
Labelbox/golf-examples/masks/ckrm66ol78pi6316a861ft9fu.png,ckrlpgdth3lxg0ypfgitgbws7,unknown,0,0,0,0
Labelbox/golf-examples/masks/ckrm0nym84buv316ay3k9jpdm.png,ckrlpgdth3lxb0ypfdhvedfmx,semirough,0,0,0,0
Labelbox/golf-examples/masks/ckrm0twtn4buz316am65xh7qo.png,ckrlpgdth3lxb0ypfdhvedfmx,rough,0,0,0,0
Labelbox/golf-examples/masks/ckrm0yrvk4bv1316a38jjb08q.png,ckrlpgdth3lxb0ypfdhvedfmx,tree,0,0,0,0
Labelbox/golf-examples/masks/ckrm0z3nj4bv3316a2al9ffe5.png,ckrlpgdth3lxb0ypfdhvedfmx,unknown,0,0,0,0
Labelbox/golf-examples/masks/ckrlu5ghf000u3169uwcpbbwa.png,ckrlpgdth3lx60ypfagll97ta,rough,0,0,0,0
Labelbox/golf-examples/masks/ckrlu6ere000w31691h0lhqba.png,ckrlpgdth3lx60ypfagll97ta,tree,0,0,0,0
Labelbox/golf-examples/masks/ckrlu7617000y31691lmp5ub0.png,ckrlpgdth3lx60ypfagll97ta,sky,0,0,0,0
Labelbox/golf-examples/masks/ckrlu7jdf00103169wvv3eejx.png,ckrlpgdth3lx60ypfagll97ta,unknown,0,0,0,0
Labelbox/golf-examples/masks/ckrm50tmi6qz3316aiv9lev16.png,ckrlpgdth3lx10ypf71iiao6x,semirough,0,0,0,0
Labelbox/golf-examples/masks/ckrm51lm26qz6316a6x4iq9qb.png,ckrlpgdth3lx10ypf71iiao6x,rough,0,0,0,0
Labelbox/golf-examples/masks/ckrm52pd96qz8316acmt9yl41.png,ckrlpgdth3lx10ypf71iiao6x,tree,0,0,0,0
Labelbox/golf-examples/masks/ckrm58xok7jh7316aym67ft6h.png,ckrlpgdth3lx10ypf71iiao6x,sky,0,0,0,0
Labelbox/golf-examples/masks/ckrm59a877jh8316abru7hqwn.png,ckrlpgdth3lx10ypf71iiao6x,unknown,0,0,0,0
Labelbox/golf-examples/masks/ckrm0lt4s003f3169r5qfnjuj.png,ckrlpgdth3lww0ypfcqde1jo8,unknown,0,0,0,0
Labelbox/golf-examples/masks/ckrm0mu1r003i31692l2m12uq.png,ckrlpgdth3lww0ypfcqde1jo8,bunker,0,0,0,0
Labelbox/golf-examples/masks/ckrm0ne7j003k3169w3gc7by6.png,ckrlpgdth3lww0ypfcqde1jo8,fairway,0,0,0,0
Labelbox/golf-examples/masks/ckrm0o1xg003m3169ob145pk5.png,ckrlpgdth3lww0ypfcqde1jo8,unknown,0,0,0,0
Labelbox/golf-examples/masks/ckrm0o9m9003n3169aegwim39.png,ckrlpgdth3lww0ypfcqde1jo8,tree,0,0,0,0
Labelbox/golf-examples/masks/ckrm0qq4a003q3169hvzakphh.png,ckrlpgdth3lww0ypfcqde1jo8,semirough,0,0,0,0
Labelbox/golf-examples/masks/ckrm0s2zw003s316953solf6q.png,ckrlpgdth3lww0ypfcqde1jo8,sky,0,0,0,0
Labelbox/golf-examples/masks/ckrm0u9p8003v31693za47s4c.png,ckrlpgdth3lww0ypfcqde1jo8,tree,0,0,0,0
Labelbox/golf-examples/masks/ckrlt2ioi0iz43169hiakoj42.png,ckrlpgdth3lwr0ypf6xhb6j5e,semirough,0,0,0,0
Labelbox/golf-examples/masks/ckrlt4kuu0iz63169v7rd6xeq.png,ckrlpgdth3lwr0ypf6xhb6j5e,fairway,0,0,0,0
Labelbox/golf-examples/masks/ckrlt525w0iz831690ciznl2f.png,ckrlpgdth3lwr0ypf6xhb6j5e,tree,0,0,0,0
Labelbox/golf-examples/masks/ckrlt9tfh0iza31697lwldfpi.png,ckrlpgdth3lwr0ypf6xhb6j5e,sky,0,0,0,0
Labelbox/golf-examples/masks/ckrltblbr0izc316982chqcld.png,ckrlpgdth3lwr0ypf6xhb6j5e,rough,0,0,0,0
Labelbox/golf-examples/masks/ckrltbqq00izd31699ai56ahd.png,ckrlpgdth3lwr0ypf6xhb6j5e,unknown,0,0,0,0
Labelbox/golf-examples/masks/ckrm5iff048y53169g0acrro4.png,ckrlpgdth3lwm0ypfd04k1rxw,rough,0,0,0,0
Labelbox/golf-examples/masks/ckrm5k6bg48y73169yjsvhzkm.png,ckrlpgdth3lwm0ypfd04k1rxw,tree,0,0,0,0
Labelbox/golf-examples/masks/ckrm5km7548yd316902zcaz3o.png,ckrlpgdth3lwm0ypfd04k1rxw,unknown,0,0,0,0
Labelbox/golf-examples/masks/ckrm5kyvu48yg31695dpr5pnn.png,ckrlpgdth3lwm0ypfd04k1rxw,sky,0,0,0,0
Labelbox/golf-examples/masks/ckrm5l4zd48yh3169dojofbz5.png,ckrlpgdth3lwm0ypfd04k1rxw,semirough,0,0,0,0
Labelbox/golf-examples/masks/ckrlzw6u0002e31698ge1tw97.png,ckrlpgdth3lwh0ypf0930ddk5,semirough,0,0,0,0
Labelbox/golf-examples/masks/ckrlzx1pw002g3169twaz10p8.png,ckrlpgdth3lwh0ypf0930ddk5,rough,0,0,0,0
Labelbox/golf-examples/masks/ckrm00hey002i3169geenabeh.png,ckrlpgdth3lwh0ypf0930ddk5,unknown,0,0,0,0
Labelbox/golf-examples/masks/ckrm00uew002k31690ryr4icl.png,ckrlpgdth3lwh0ypf0930ddk5,sky,0,0,0,0
Labelbox/golf-examples/masks/ckrls93jq003a3169r57s2obe.png,ckrlpgdth3lwc0ypf2n2yamd6,semirough,0,0,0,0
Labelbox/golf-examples/masks/ckrls9jsk003c3169djehs5ty.png,ckrlpgdth3lwc0ypf2n2yamd6,sky,0,0,0,0
Labelbox/golf-examples/masks/ckrlsa4xj003f3169n49kldwg.png,ckrlpgdth3lwc0ypf2n2yamd6,rough,0,0,0,0
Labelbox/golf-examples/masks/ckrlsa96a003g31690h0fer50.png,ckrlpgdth3lwc0ypf2n2yamd6,unknown,0,0,0,0
Labelbox/golf-examples/masks/ckrm4lsdc1wh73169zmewm2vi.png,ckrlpgdth3lw70ypfemz3566y,semirough,0,0,0,0
Labelbox/golf-examples/masks/ckrm4mt0t1wh93169it81u5gl.png,ckrlpgdth3lw70ypfemz3566y,tree,0,0,0,0
Labelbox/golf-examples/masks/ckrm4or5b1whe31696vbz3ziw.png,ckrlpgdth3lw70ypfemz3566y,unknown,0,0,0,0
Labelbox/golf-examples/masks/ckrm4p37p1whg31690wdidjlo.png,ckrlpgdth3lw70ypfemz3566y,sky,0,0,0,0
Labelbox/golf-examples/masks/ckrm4v2im1wi13169ud95sskv.png,ckrlpgdth3lw70ypfemz3566y,rough,0,0,0,0
Labelbox/golf-examples/masks/ckrlzxwsd3s5l316agmx8ghfb.png,ckrlpgdth3lw20ypfbnpffnqc,sky,0,0,0,0
Labelbox/golf-examples/masks/ckrm00h793s5r316ais8v3b5h.png,ckrlpgdth3lw20ypfbnpffnqc,tree,0,0,0,0
Labelbox/golf-examples/masks/ckrm01si03s5v316agubinv23.png,ckrlpgdth3lw20ypfbnpffnqc,semirough,0,0,0,0
Labelbox/golf-examples/masks/ckrm02no13s5x316a2slfdckv.png,ckrlpgdth3lw20ypfbnpffnqc,rough,0,0,0,0
Labelbox/golf-examples/masks/ckrm05dbq3s66316aokeoipk6.png,ckrlpgdth3lw20ypfbnpffnqc,unknown,0,0,0,0
Labelbox/golf-examples/masks/ckrlscqke003s316a2roj9hvm.png,ckrlpgdth3lvx0ypfbvv54iox,semirough,0,0,0,0
Labelbox/golf-examples/masks/ckrlsdfk0003u316aiicdzqx0.png,ckrlpgdth3lvx0ypfbvv54iox,rough,0,0,0,0
Labelbox/golf-examples/masks/ckrlsg18c003w316aepqkixam.png,ckrlpgdth3lvx0ypfbvv54iox,sky,0,0,0,0
Labelbox/golf-examples/masks/ckrlsi95w003y316arvaxo4rb.png,ckrlpgdth3lvx0ypfbvv54iox,sky,0,0,0,0
Labelbox/golf-examples/masks/ckrlsl95r0044316ai3kbs1fd.png,ckrlpgdth3lvx0ypfbvv54iox,tree,0,0,0,0
Labelbox/golf-examples/masks/ckrlsm8dc0046316a16syzidn.png,ckrlpgdth3lvx0ypfbvv54iox,unknown,0,0,0,0
Labelbox/golf-examples/masks/ckrm45hi15u6c316asvoziybf.png,ckrlpgdth3lvs0ypfaqzr46ee,semirough,0,0,0,0
Labelbox/golf-examples/masks/ckrm481f95u6f316a41r7u74s.png,ckrlpgdth3lvs0ypfaqzr46ee,rough,0,0,0,0
Labelbox/golf-examples/masks/ckrm4cphe5u6l316albea9n4j.png,ckrlpgdth3lvs0ypfaqzr46ee,tree,0,0,0,0
Labelbox/golf-examples/masks/ckrm4j5f55u6p316asfe5b89b.png,ckrlpgdth3lvs0ypfaqzr46ee,gravel,0,0,0,0
Labelbox/golf-examples/masks/ckrm4jgdm5u6s316a8igfwzdl.png,ckrlpgdth3lvs0ypfaqzr46ee,unknown,0,0,0,0
Labelbox/golf-examples/masks/ckrm4jumx5u6v316ardyike59.png,ckrlpgdth3lvs0ypfaqzr46ee,sky,0,0,0,0
Labelbox/golf-examples/masks/ckrm4k35r5u6w316a774h7pni.png,ckrlpgdth3lvs0ypfaqzr46ee,unknown,0,0,0,0
Labelbox/golf-examples/masks/ckrlyjqhe2zb4316ao7op6vl3.png,ckrlpgdth3lvn0ypf93559pe9,unknown,0,0,0,0
Labelbox/golf-examples/masks/ckrlylcyi2zb8316a810f3fcn.png,ckrlpgdth3lvn0ypf93559pe9,gravel,0,0,0,0
Labelbox/golf-examples/masks/ckrlymzuy2zba316a4jg8np7s.png,ckrlpgdth3lvn0ypf93559pe9,semirough,0,0,0,0
Labelbox/golf-examples/masks/ckrlyoixl2zbd316awctritug.png,ckrlpgdth3lvn0ypf93559pe9,tree,0,0,0,0
Labelbox/golf-examples/masks/ckrlypivm35wq316a6kc7aebh.png,ckrlpgdth3lvn0ypf93559pe9,sky,0,0,0,0
Labelbox/golf-examples/masks/ckrlyxhto37kc316apa7nqkft.png,ckrlpgdth3lvn0ypf93559pe9,rough,0,0,0,0
Labelbox/golf-examples/masks/ckrlqypp0001o316aooipu4uo.png,ckrlpgdth3lvi0ypfgcajhjgo,rough,0,0,0,0
Labelbox/golf-examples/masks/ckrlrog4p0025316a3ybvv0f4.png,ckrlpgdth3lvi0ypfgcajhjgo,tree,0,0,0,0
Labelbox/golf-examples/masks/ckrlrprg80027316abdrc1xar.png,ckrlpgdth3lvi0ypfgcajhjgo,sky,0,0,0,0
Labelbox/golf-examples/masks/ckrlrr5fa0029316ah9clwm89.png,ckrlpgdth3lvi0ypfgcajhjgo,gravel,0,0,0,0
Labelbox/golf-examples/masks/ckrm2ji7b50wz316ahnumzy6c.png,ckrlpgdth3lvd0ypf4zwb6hdf,semirough,0,0,0,0
Labelbox/golf-examples/masks/ckrm2l2jc50x1316axa5esx8x.png,ckrlpgdth3lvd0ypf4zwb6hdf,gravel,0,0,0,0
Labelbox/golf-examples/masks/ckrm2o67r50x3316ayg5qczt7.png,ckrlpgdth3lvd0ypf4zwb6hdf,rough,0,0,0,0
Labelbox/golf-examples/masks/ckrm2qe5f50x5316adzmp7ogo.png,ckrlpgdth3lvd0ypf4zwb6hdf,tree,0,0,0,0
Labelbox/golf-examples/masks/ckrm2s8q650xb316a3gfdao7h.png,ckrlpgdth3lvd0ypf4zwb6hdf,sky,0,0,0,0
Labelbox/golf-examples/masks/ckrm2sg1w50xc316adlatsrnx.png,ckrlpgdth3lvd0ypf4zwb6hdf,unknown,0,0,0,0
Labelbox/golf-examples/masks/ckrlv3ddc1dvb316a4w3xavoe.png,ckrlpgdth3lv80ypfcr8e221u,gravel,0,0,0,0
Labelbox/golf-examples/masks/ckrlv6tbu1fuo316ab9zzt752.png,ckrlpgdth3lv80ypfcr8e221u,semirough,0,0,0,0
Labelbox/golf-examples/masks/ckrlv7hhh1fur316arfp0ioam.png,ckrlpgdth3lv80ypfcr8e221u,tree,0,0,0,0
Labelbox/golf-examples/masks/ckrlv9icx1rc3316alpumq2sj.png,ckrlpgdth3lv80ypfcr8e221u,rough,0,0,0,0
Labelbox/golf-examples/masks/ckrlvckay256z316amtu0mlkv.png,ckrlpgdth3lv80ypfcr8e221u,sky,0,0,0,0
Labelbox/golf-examples/masks/ckrlvcxdl2570316a20kezqvp.png,ckrlpgdth3lv80ypfcr8e221u,unknown,0,0,0,0
Labelbox/golf-examples/masks/ckrlq50jg000d316agd41ip3e.png,ckrlpgdth3lv30ypfe4zq1ls9,semirough,0,0,0,0
Labelbox/golf-examples/masks/ckrlq6ln7000h316aogneiv2s.png,ckrlpgdth3lv30ypfe4zq1ls9,rough,0,0,0,0
Labelbox/golf-examples/masks/ckrlq9mb3000k316ay84o98pr.png,ckrlpgdth3lv30ypfe4zq1ls9,tree,0,0,0,0
Labelbox/golf-examples/masks/ckrlqcmkb000o316acs1rscuu.png,ckrlpgdth3lv30ypfe4zq1ls9,sky,0,0,0,0
Labelbox/golf-examples/masks/ckrlqd17k000q316ai4w92rgi.png,ckrlpgdth3lv30ypfe4zq1ls9,unknown,0,0,0,0
Labelbox/golf-examples/masks/ckrm2ymqb00683169sukb3te2.png,ckrlpgdth3luy0ypf6a2uby30,green,0,0,0,0
Labelbox/golf-examples/masks/ckrm2zjii006a3169h3ohwe1g.png,ckrlpgdth3luy0ypf6a2uby30,flagpole,0,0,0,0
Labelbox/golf-examples/masks/ckrm325va04p73169jh16ph4y.png,ckrlpgdth3luy0ypf6a2uby30,sky,0,0,0,0
Labelbox/golf-examples/masks/ckrm34h4j0wo031693lzcdwsm.png,ckrlpgdth3luy0ypf6a2uby30,rough,0,0,0,0
Labelbox/golf-examples/masks/ckrm352je1bh13169oiz35al2.png,ckrlpgdth3luy0ypf6a2uby30,tree,0,0,0,0
Labelbox/golf-examples/masks/ckrm39fqd1wgf3169i5h8rqse.png,ckrlpgdth3luy0ypf6a2uby30,unknown,0,0,0,0
Labelbox/golf-examples/masks/ckrm3anhj1wgm31696zldlyu2.png,ckrlpgdth3luy0ypf6a2uby30,semirough,0,0,0,0
Labelbox/golf-examples/masks/ckrlyi5e200013169mijpgaky.png,ckrlpgdth3lut0ypfg7afcpqr,green,0,0,0,0
Labelbox/golf-examples/masks/ckrlyj8e300033169mtefklej.png,ckrlpgdth3lut0ypfg7afcpqr,flagpole,0,0,0,0
Labelbox/golf-examples/masks/ckrlymrok0006316925cwhxqc.png,ckrlpgdth3lut0ypfg7afcpqr,fairway,0,0,0,0
Labelbox/golf-examples/masks/ckrlyn9hd00083169vtnvyge0.png,ckrlpgdth3lut0ypfg7afcpqr,rough,0,0,0,0
Labelbox/golf-examples/masks/ckrlyo8by000a3169r7053zxo.png,ckrlpgdth3lut0ypfg7afcpqr,semirough,0,0,0,0
Labelbox/golf-examples/masks/ckrlyog8f000b3169qwjebfbf.png,ckrlpgdth3lut0ypfg7afcpqr,tree,0,0,0,0
Labelbox/golf-examples/masks/ckrlyqdk0000e3169dz4mo76y.png,ckrlpgdth3lut0ypfg7afcpqr,unknown,0,0,0,0
Labelbox/golf-examples/masks/ckrlyqhdt000f3169oq6ui3gg.png,ckrlpgdth3lut0ypfg7afcpqr,sky,0,0,0,0
Labelbox/golf-examples/masks/ckrlrvi4f002c31699unylzd8.png,ckrlpgdth3luo0ypf5x6cgc75,semirough,0,0,0,0
Labelbox/golf-examples/masks/ckrlrwt5s002g3169s35hqqa0.png,ckrlpgdth3luo0ypf5x6cgc75,rough,0,0,0,0
Labelbox/golf-examples/masks/ckrlrxkdw002i3169nf1b2if0.png,ckrlpgdth3luo0ypf5x6cgc75,unknown,0,0,0,0
Labelbox/golf-examples/masks/ckrlrzaw9002m31690aspkxw6.png,ckrlpgdth3luo0ypf5x6cgc75,tree,0,0,0,0
Labelbox/golf-examples/masks/ckrls0fbt002p31692b8s8x5c.png,ckrlpgdth3luo0ypf5x6cgc75,gravel,0,0,0,0
Labelbox/golf-examples/masks/ckrls0q0s002r3169j51tygtw.png,ckrlpgdth3luo0ypf5x6cgc75,fairway,0,0,0,0
Labelbox/golf-examples/masks/ckrls2254002v3169p5eqjjoh.png,ckrlpgdth3luo0ypf5x6cgc75,rough,0,0,0,0
Labelbox/golf-examples/masks/ckrls2ha1002x3169iywfs6sa.png,ckrlpgdth3luo0ypf5x6cgc75,sky,0,0,0,0
Labelbox/golf-examples/masks/ckrlumkql001p3169pciilyff.png,ckrlpgdtg3lue0ypfhjys1uuo,semirough,0,0,0,0
Labelbox/golf-examples/masks/ckrlunf56001s3169u0759449.png,ckrlpgdtg3lue0ypfhjys1uuo,unknown,0,0,0,0
Labelbox/golf-examples/masks/ckrluo19g001u3169v68yrtot.png,ckrlpgdtg3lue0ypfhjys1uuo,tree,0,0,0,0
Labelbox/golf-examples/masks/ckrlupppz001y3169v3162pog.png,ckrlpgdtg3lue0ypfhjys1uuo,rough,0,0,0,0
Labelbox/golf-examples/masks/ckrlupz1v00203169mwqj46qr.png,ckrlpgdtg3lue0ypfhjys1uuo,fairway,0,0,0,0
Labelbox/golf-examples/masks/ckrluq42w00213169uj2icj1o.png,ckrlpgdtg3lue0ypfhjys1uuo,sky,0,0,0,0
Labelbox/golf-examples/masks/ckrlqti39001n3169yb579l8o.png,ckrlpgdtg3lu90ypf38a41u02,semirough,0,0,0,0
Labelbox/golf-examples/masks/ckrlqubb2001q31696ip9onq5.png,ckrlpgdtg3lu90ypf38a41u02,unknown,0,0,0,0
Labelbox/golf-examples/masks/ckrlqusdm001t3169ew9c3zhd.png,ckrlpgdtg3lu90ypf38a41u02,rough,0,0,0,0
Labelbox/golf-examples/masks/ckrlqvln5001v31690g0rn12v.png,ckrlpgdtg3lu90ypf38a41u02,tree,0,0,0,0
Labelbox/golf-examples/masks/ckrlqxwg0001y31696lq7jovf.png,ckrlpgdtg3lu90ypf38a41u02,unknown,0,0,0,0
Labelbox/golf-examples/masks/ckrlqyjop00203169h7denmlx.png,ckrlpgdtg3lu90ypf38a41u02,fairway,0,0,0,0
Labelbox/golf-examples/masks/ckrlqyo2700213169wmlhd4og.png,ckrlpgdtg3lu90ypf38a41u02,sky,0,0,0,0
Labelbox/golf-examples/masks/ckrm1kzwm004v31697yg343bp.png,ckrlpgdtg3lu40ypfelbc1tor,semirough,0,0,0,0
Labelbox/golf-examples/masks/ckrm1n20j004y3169gb7vk3q7.png,ckrlpgdtg3lu40ypfelbc1tor,rough,0,0,0,0
Labelbox/golf-examples/masks/ckrm1p9dr00503169rfou1tiw.png,ckrlpgdtg3lu40ypfelbc1tor,unknown,0,0,0,0
Labelbox/golf-examples/masks/ckrm1pvqe00523169yirobp0b.png,ckrlpgdtg3lu40ypfelbc1tor,tree,0,0,0,0
Labelbox/golf-examples/masks/ckrm1sl5n00543169ryskfz70.png,ckrlpgdtg3lu40ypfelbc1tor,sky,0,0,0,0
Labelbox/golf-examples/masks/ckrm1su6f00553169ml04iykh.png,ckrlpgdtg3lu40ypfelbc1tor,fairway,0,0,0,0
Labelbox/golf-examples/masks/ckrlu91dm00113169nct2jcqz.png,ckrlpgdtg3ltz0ypfexep9rna,semirough,0,0,0,0
Labelbox/golf-examples/masks/ckrlu9svt00133169njdnhkd8.png,ckrlpgdtg3ltz0ypfexep9rna,unknown,0,0,0,0
Labelbox/golf-examples/masks/ckrluajof00153169p9n32n85.png,ckrlpgdtg3ltz0ypfexep9rna,fairway,0,0,0,0
Labelbox/golf-examples/masks/ckrluc3ic00193169no0yy8oe.png,ckrlpgdtg3ltz0ypfexep9rna,tree,0,0,0,0
Labelbox/golf-examples/masks/ckrlucv4l001b3169t9g2vtg9.png,ckrlpgdtg3ltz0ypfexep9rna,rough,0,0,0,0
Labelbox/golf-examples/masks/ckrlud1vy001c3169xv94gyer.png,ckrlpgdtg3ltz0ypfexep9rna,sky,0,0,0,0
Labelbox/golf-examples/masks/ckrlqfiji000q3169bkidlkm6.png,ckrlpgdtg3ltu0ypf0otlhwlq,fairway,0,0,0,0
Labelbox/golf-examples/masks/ckrlqgfub000t316920or27h2.png,ckrlpgdtg3ltu0ypf0otlhwlq,gravel,0,0,0,0
Labelbox/golf-examples/masks/ckrlqh38o000v3169agysgaae.png,ckrlpgdtg3ltu0ypf0otlhwlq,unknown,0,0,0,0
Labelbox/golf-examples/masks/ckrlqhnkf000x3169smxvzih4.png,ckrlpgdtg3ltu0ypf0otlhwlq,tree,0,0,0,0
Labelbox/golf-examples/masks/ckrlql1f500153169sg7saxyg.png,ckrlpgdtg3ltu0ypf0otlhwlq,rough,0,0,0,0
Labelbox/golf-examples/masks/ckrlqlmpa00173169kdcqyxfa.png,ckrlpgdtg3ltu0ypf0otlhwlq,sky,0,0,0,0
Labelbox/golf-examples/masks/ckrlqltpf00183169ov0lwycw.png,ckrlpgdtg3ltu0ypf0otlhwlq,semirough,0,0,0,0
Labelbox/golf-examples/masks/ckrm0w1sf003x3169h43bl6s0.png,ckrlpgdtg3ltp0ypfaz5ofalq,fairway,0,0,0,0
Labelbox/golf-examples/masks/ckrm10iuk0041316986zgvef0.png,ckrlpgdtg3ltp0ypfaz5ofalq,unknown,0,0,0,0
Labelbox/golf-examples/masks/ckrm1257z0043316966gag8sd.png,ckrlpgdtg3ltp0ypfaz5ofalq,rough,0,0,0,0
Labelbox/golf-examples/masks/ckrm14zn000453169osl85yan.png,ckrlpgdtg3ltp0ypfaz5ofalq,unknown,0,0,0,0
Labelbox/golf-examples/masks/ckrm15d5x00483169dnhpqssh.png,ckrlpgdtg3ltp0ypfaz5ofalq,tree,0,0,0,0
Labelbox/golf-examples/masks/ckrm17dem004a3169c0aw30hf.png,ckrlpgdtg3ltp0ypfaz5ofalq,sky,0,0,0,0
Labelbox/golf-examples/masks/ckrluc7a50000316aba7uagcs.png,ckrlpgdtg3ltk0ypfgtxtf898,semirough,0,0,0,0
Labelbox/golf-examples/masks/ckrlucw3c0002316anoi5ff0v.png,ckrlpgdtg3ltk0ypfgtxtf898,fairway,0,0,0,0
Labelbox/golf-examples/masks/ckrludh7l0004316a5gkyngf4.png,ckrlpgdtg3ltk0ypfgtxtf898,tree,0,0,0,0
Labelbox/golf-examples/masks/ckrlueqfh05sx316a2ac1mpex.png,ckrlpgdtg3ltk0ypfgtxtf898,rough,0,0,0,0
Labelbox/golf-examples/masks/ckrlug93u08ii316ak0u7pozl.png,ckrlpgdtg3ltk0ypfgtxtf898,sky,0,0,0,0
Labelbox/golf-examples/masks/ckrlugs4q08ik316ard24cll0.png,ckrlpgdtg3ltk0ypfgtxtf898,unknown,0,0,0,0
Labelbox/golf-examples/masks/ckrlpu8o0000f3169oqusilwr.png,ckrlpgdtg3ltf0ypfejgq7dk0,semirough,0,0,0,0
Labelbox/golf-examples/masks/ckrlpyf9y000h3169iferrxif.png,ckrlpgdtg3ltf0ypfejgq7dk0,tree,0,0,0,0
Labelbox/golf-examples/masks/ckrlpztx5000k316921husphk.png,ckrlpgdtg3ltf0ypfejgq7dk0,sky,0,0,0,0
Labelbox/golf-examples/masks/ckrlq06pd00003169wqdc4z60.png,ckrlpgdtg3ltf0ypfejgq7dk0,unknown,0,0,0,0
Labelbox/golf-examples/masks/ckrlq0hdv00023169kzldhhil.png,ckrlpgdtg3ltf0ypfejgq7dk0,fairway,0,0,0,0
Labelbox/golf-examples/masks/ckrm19zk84bvx316ap17mrncr.png,ckrlpgdtg3lta0ypf1hqbh392,semirough,0,0,0,0
Labelbox/golf-examples/masks/ckrm1az1k4bvz316a6dgbn6uv.png,ckrlpgdtg3lta0ypf1hqbh392,fairway,0,0,0,0
Labelbox/golf-examples/masks/ckrm1bkkp4bw3316ax9uob0te.png,ckrlpgdtg3lta0ypf1hqbh392,rough,0,0,0,0
Labelbox/golf-examples/masks/ckrm1c4lg4bw5316aozgsivd3.png,ckrlpgdtg3lta0ypf1hqbh392,tree,0,0,0,0
Labelbox/golf-examples/masks/ckrm1g1gb4e78316azwbpaosh.png,ckrlpgdtg3lta0ypf1hqbh392,sky,0,0,0,0
Labelbox/golf-examples/masks/ckrm1garm4e79316am8pw0dii.png,ckrlpgdtg3lta0ypf1hqbh392,unknown,0,0,0,0
Labelbox/golf-examples/masks/ckrltnidj0mk8316ax251wmel.png,ckrlpgdtg3lt50ypf00gy8vzg,semirough,0,0,0,0
Labelbox/golf-examples/masks/ckrltoju80mka316az8sn9qow.png,ckrlpgdtg3lt50ypf00gy8vzg,fairway,0,0,0,0
Labelbox/golf-examples/masks/ckrltp8sn0mkf316a7kjvdqe2.png,ckrlpgdtg3lt50ypf00gy8vzg,tree,0,0,0,0
Labelbox/golf-examples/masks/ckrlts4zm0wgy316adk1gpjor.png,ckrlpgdtg3lt50ypf00gy8vzg,rough,0,0,0,0
Labelbox/golf-examples/masks/ckrltsgdh0wh0316ads5hv3yg.png,ckrlpgdtg3lt50ypf00gy8vzg,sky,0,0,0,0
Labelbox/golf-examples/masks/ckrltsntc0wh1316a9l64pgcv.png,ckrlpgdtg3lt50ypf00gy8vzg,unknown,0,0,0,0
Labelbox/golf-examples/masks/ckrm5fuxk7jhn316a64kct4gl.png,ckrlpgdtg3lt00ypfct4h7qoj,semirough,0,0,0,0
Labelbox/golf-examples/masks/ckrm5gzhv7jhp316a0tywdhli.png,ckrlpgdtg3lt00ypfct4h7qoj,unknown,0,0,0,0
Labelbox/golf-examples/masks/ckrm5hj0k7jhr316adj62mpt1.png,ckrlpgdtg3lt00ypfct4h7qoj,bunker,0,0,0,0
Labelbox/golf-examples/masks/ckrm5io4b7kr5316a49w8cj29.png,ckrlpgdtg3lt00ypfct4h7qoj,fairway,0,0,0,0
Labelbox/golf-examples/masks/ckrm5k8ux7kr7316adr3rb2cl.png,ckrlpgdtg3lt00ypfct4h7qoj,tree,0,0,0,0
Labelbox/golf-examples/masks/ckrm5r8fc8phc316aejcu8619.png,ckrlpgdtg3lt00ypfct4h7qoj,rough,0,0,0,0
Labelbox/golf-examples/masks/ckrm5sivl8phg316aq6lq9pyn.png,ckrlpgdtg3lt00ypfct4h7qoj,sky,0,0,0,0
Labelbox/golf-examples/masks/ckrm5svdl8phh316ayc8y2gy8.png,ckrlpgdtg3lt00ypfct4h7qoj,unknown,0,0,0,0
Labelbox/golf-examples/masks/ckrm0c1wj3s6j316aat9hy32s.png,ckrlpgdtg3lsv0ypf3w1k9wdf,semirough,0,0,0,0
Labelbox/golf-examples/masks/ckrm0cy7a3s6l316azgy9exdq.png,ckrlpgdtg3lsv0ypf3w1k9wdf,fairway,0,0,0,0
Labelbox/golf-examples/masks/ckrm0dr8q3s6n316aamt97rbj.png,ckrlpgdtg3lsv0ypf3w1k9wdf,rough,0,0,0,0
Labelbox/golf-examples/masks/ckrm0f3di3s6p316a6apfaxau.png,ckrlpgdtg3lsv0ypf3w1k9wdf,tree,0,0,0,0
Labelbox/golf-examples/masks/ckrm0ml6w4bus316ag0rufwdy.png,ckrlpgdtg3lsv0ypf3w1k9wdf,sky,0,0,0,0
Labelbox/golf-examples/masks/ckrm0mspf4but316a0lvobwmr.png,ckrlpgdtg3lsv0ypf3w1k9wdf,unknown,0,0,0,0
Labelbox/golf-examples/masks/ckrltx8mk000h3169apptzpsj.png,ckrlpgdtg3lsq0ypfej8b8m7b,green,0,0,0,0
Labelbox/golf-examples/masks/ckrltz2e3000j31693d6xvz4x.png,ckrlpgdtg3lsq0ypfej8b8m7b,flagpole,0,0,0,0
Labelbox/golf-examples/masks/ckrlu097q000l3169v1n06you.png,ckrlpgdtg3lsq0ypfej8b8m7b,tree,0,0,0,0
Labelbox/golf-examples/masks/ckrlu483w000p316944je2ts0.png,ckrlpgdtg3lsq0ypfej8b8m7b,unknown,0,0,0,0
Labelbox/golf-examples/masks/ckrlu4l1c000r3169rvd7u9y6.png,ckrlpgdtg3lsq0ypfej8b8m7b,sky,0,0,0,0
Labelbox/golf-examples/masks/ckrlu4zcl000t3169nz1bjns4.png,ckrlpgdtg3lsq0ypfej8b8m7b,semirough,0,0,0,0
Labelbox/golf-examples/masks/ckrm60dyb5fnn316921h6ac5x.png,ckrlpgdtg3lsl0ypf4cq4c0te,green,0,0,0,0
Labelbox/golf-examples/masks/ckrm62yov5t4m3169yype6d3g.png,ckrlpgdtg3lsl0ypf4cq4c0te,tree,0,0,0,0
Labelbox/golf-examples/masks/ckrm65gym78yv3169zsj2fmxg.png,ckrlpgdtg3lsl0ypf4cq4c0te,flagpole,0,0,0,0
Labelbox/golf-examples/masks/ckrm678m278z731690og4xsld.png,ckrlpgdtg3lsl0ypf4cq4c0te,unknown,0,0,0,0
Labelbox/golf-examples/masks/ckrm67jju78za3169ax4f84j4.png,ckrlpgdtg3lsl0ypf4cq4c0te,sky,0,0,0,0
Labelbox/golf-examples/masks/ckrm67mul78zb3169kxmp3ugy.png,ckrlpgdtg3lsl0ypf4cq4c0te,semirough,0,0,0,0
Labelbox/golf-examples/masks/ckrm0duz600333169zytc5bf7.png,ckrlpgdtg3lsg0ypf0b0n75z1,fairway,0,0,0,0
Labelbox/golf-examples/masks/ckrm0f24l00353169bl5zs8zw.png,ckrlpgdtg3lsg0ypf0b0n75z1,semirough,0,0,0,0
Labelbox/golf-examples/masks/ckrm0i56100373169iouobadi.png,ckrlpgdtg3lsg0ypf0b0n75z1,tree,0,0,0,0
Labelbox/golf-examples/masks/ckrm0jf2900393169i4c9gcbw.png,ckrlpgdtg3lsg0ypf0b0n75z1,rough,0,0,0,0
Labelbox/golf-examples/masks/ckrm0kadd003c3169zm42qxft.png,ckrlpgdtg3lsg0ypf0b0n75z1,unknown,0,0,0,0
Labelbox/golf-examples/masks/ckrm0kw5t003e3169usxbtfcs.png,ckrlpgdtg3lsg0ypf0b0n75z1,sky,0,0,0,0
Labelbox/golf-examples/masks/ckrlsoqf50iyt31698pu705ub.png,ckrlpgdtg3lsb0ypf1k3zab9u,fairway,0,0,0,0
Labelbox/golf-examples/masks/ckrlspkax0iyv3169f742whir.png,ckrlpgdtg3lsb0ypf1k3zab9u,rough,0,0,0,0
Labelbox/golf-examples/masks/ckrlsr3wd0iyx3169l2gi61k5.png,ckrlpgdtg3lsb0ypf1k3zab9u,unknown,0,0,0,0
Labelbox/golf-examples/masks/ckrlstjoz0iyz3169h45610k6.png,ckrlpgdtg3lsb0ypf1k3zab9u,tree,0,0,0,0
Labelbox/golf-examples/masks/ckrlsxx760iz1316952ol9uy2.png,ckrlpgdtg3lsb0ypf1k3zab9u,semirough,0,0,0,0
Labelbox/golf-examples/masks/ckrlsy33k0iz231692unerhg0.png,ckrlpgdtg3lsb0ypf1k3zab9u,sky,0,0,0,0
Labelbox/golf-examples/masks/ckrm592b82yv3316933s2cnrs.png,ckrlpgdtg3ls60ypfakukhrpw,semirough,0,0,0,0
Labelbox/golf-examples/masks/ckrm59m4q2yv53169wnwbk7fq.png,ckrlpgdtg3ls60ypfakukhrpw,bunker,0,0,0,0
Labelbox/golf-examples/masks/ckrm5apye30kn3169e4t06kd3.png,ckrlpgdtg3ls60ypfakukhrpw,tree,0,0,0,0
Labelbox/golf-examples/masks/ckrm5g4qt48xz3169vrhq6ysh.png,ckrlpgdtg3ls60ypfakukhrpw,fairway,0,0,0,0
Labelbox/golf-examples/masks/ckrm5gdoq48y03169ii0owue4.png,ckrlpgdtg3ls60ypfakukhrpw,unknown,0,0,0,0
Labelbox/golf-examples/masks/ckrm5h6ro48y23169g708m8tu.png,ckrlpgdtg3ls60ypfakukhrpw,sky,0,0,0,0
Labelbox/golf-examples/masks/ckrm5huqk48y43169l4n0r10o.png,ckrlpgdtg3ls60ypfakukhrpw,rough,0,0,0,0
Labelbox/golf-examples/masks/ckrlzgx6f00233169cio3pvzb.png,ckrlpgdtg3ls10ypf719n54lo,fairway,0,0,0,0
Labelbox/golf-examples/masks/ckrlzhdp2002531697slsyold.png,ckrlpgdtg3ls10ypf719n54lo,semirough,0,0,0,0
Labelbox/golf-examples/masks/ckrlzi42w00273169n1of60s2.png,ckrlpgdtg3ls10ypf719n54lo,unknown,0,0,0,0
Labelbox/golf-examples/masks/ckrlzjevt002931690afixfu5.png,ckrlpgdtg3ls10ypf719n54lo,rough,0,0,0,0
Labelbox/golf-examples/masks/ckrlzkfhb002b31697x1l83j1.png,ckrlpgdtg3ls10ypf719n54lo,tree,0,0,0,0
Labelbox/golf-examples/masks/ckrlzmqpt002d3169lfprlx9f.png,ckrlpgdtg3ls10ypf719n54lo,sky,0,0,0,0
Labelbox/golf-examples/masks/ckrlt3rjr01d3316awmypc2p0.png,ckrlpgdtg3lrw0ypfhhhq874f,semirough,0,0,0,0
Labelbox/golf-examples/masks/ckrlt5gxv01d9316a9vs2m2wz.png,ckrlpgdtg3lrw0ypfhhhq874f,rough,0,0,0,0
Labelbox/golf-examples/masks/ckrlt7aso0469316auxb8hirq.png,ckrlpgdtg3lrw0ypfhhhq874f,unknown,0,0,0,0
Labelbox/golf-examples/masks/ckrlt7x8m046f316az9j1pob7.png,ckrlpgdtg3lrw0ypfhhhq874f,tree,0,0,0,0
Labelbox/golf-examples/masks/ckrlte88i0klt316aqnkjifez.png,ckrlpgdtg3lrw0ypfhhhq874f,sky,0,0,0,0
Labelbox/golf-examples/masks/ckrm480l41wgn31699c58cqnl.png,ckrlpgdtf3lrr0ypf8m1h7vi6,green,0,0,0,0
Labelbox/golf-examples/masks/ckrm4cfqh1wgr31697zezu3nu.png,ckrlpgdtf3lrr0ypf8m1h7vi6,semirough,0,0,0,0
Labelbox/golf-examples/masks/ckrm4dxo81wgt3169g7ffnrw7.png,ckrlpgdtf3lrr0ypf8m1h7vi6,green,0,0,0,0
Labelbox/golf-examples/masks/ckrm4e5ju1wgv3169qnood7l8.png,ckrlpgdtf3lrr0ypf8m1h7vi6,fairway,0,0,0,0
Labelbox/golf-examples/masks/ckrm4ejgb1wgx3169lnjjs3e2.png,ckrlpgdtf3lrr0ypf8m1h7vi6,unknown,0,0,0,0
Labelbox/golf-examples/masks/ckrm4fidm1wh13169sqz0c38c.png,ckrlpgdtf3lrr0ypf8m1h7vi6,rough,0,0,0,0
Labelbox/golf-examples/masks/ckrm4gt901wh43169bn6g7dof.png,ckrlpgdtf3lrr0ypf8m1h7vi6,sky,0,0,0,0
Labelbox/golf-examples/masks/ckrm4ksdq1wh63169uw4ohwz0.png,ckrlpgdtf3lrr0ypf8m1h7vi6,tree,0,0,0,0
Labelbox/golf-examples/masks/ckrlzfuun3lwn316aujz5k1mb.png,ckrlpgdtf3lrm0ypf82x7911g,flagpole,0,0,0,0
Labelbox/golf-examples/masks/ckrlzgsw63lwq316at1dhhmhd.png,ckrlpgdtf3lrm0ypf82x7911g,green,0,0,0,0
Labelbox/golf-examples/masks/ckrlzi1263lwt316akxvbt1jh.png,ckrlpgdtf3lrm0ypf82x7911g,fairway,0,0,0,0
Labelbox/golf-examples/masks/ckrlzizkx3n5k316ak42qw46t.png,ckrlpgdtf3lrm0ypf82x7911g,sky,0,0,0,0
Labelbox/golf-examples/masks/ckrlzoeji3s4j316a3l8fg052.png,ckrlpgdtf3lrm0ypf82x7911g,rough,0,0,0,0
Labelbox/golf-examples/masks/ckrlzps8e3s4s316a059s7ct8.png,ckrlpgdtf3lrm0ypf82x7911g,tree,0,0,0,0
Labelbox/golf-examples/masks/ckrlzr9h83s4v316abvoio1gv.png,ckrlpgdtf3lrm0ypf82x7911g,unknown,0,0,0,0
Labelbox/golf-examples/masks/ckrls4k9g0033316a2ha0ohyq.png,ckrlpgdtf3lrh0ypf5w96ev0e,green,0,0,0,0
Labelbox/golf-examples/masks/ckrls56gl0035316asxnltctg.png,ckrlpgdtf3lrh0ypf5w96ev0e,fairway,0,0,0,0
Labelbox/golf-examples/masks/ckrls60dg0037316a27gjrv6u.png,ckrlpgdtf3lrh0ypf5w96ev0e,semirough,0,0,0,0
Labelbox/golf-examples/masks/ckrls6hnk0039316a1ctezdej.png,ckrlpgdtf3lrh0ypf5w96ev0e,rough,0,0,0,0
Labelbox/golf-examples/masks/ckrls7ksz003d316a1og0re5y.png,ckrlpgdtf3lrh0ypf5w96ev0e,sky,0,0,0,0
Labelbox/golf-examples/masks/ckrls9sbo003n316al81qaq07.png,ckrlpgdtf3lrh0ypf5w96ev0e,tree,0,0,0,0
Labelbox/golf-examples/masks/ckrlsbfho003q316aop9tgvba.png,ckrlpgdtf3lrh0ypf5w96ev0e,unknown,0,0,0,0
Labelbox/golf-examples/masks/ckrm36igr5lrn316axe06p1jj.png,ckrlpgdtf3lrc0ypf1fbj6geo,flagpole,0,0,0,0
Labelbox/golf-examples/masks/ckrm36y3o5lrp316amij3ulxu.png,ckrlpgdtf3lrc0ypf1fbj6geo,green,0,0,0,0
Labelbox/golf-examples/masks/ckrm37pun5lrs316a63q3l0m2.png,ckrlpgdtf3lrc0ypf1fbj6geo,fairway,0,0,0,0
Labelbox/golf-examples/masks/ckrm392ix5lru316a1uc760t0.png,ckrlpgdtf3lrc0ypf1fbj6geo,tree,0,0,0,0
Labelbox/golf-examples/masks/ckrm41tta5u62316apo0umh5u.png,ckrlpgdtf3lrc0ypf1fbj6geo,rough,0,0,0,0
Labelbox/golf-examples/masks/ckrm42ebp5u64316as8cttjsa.png,ckrlpgdtf3lrc0ypf1fbj6geo,semirough,0,0,0,0
Labelbox/golf-examples/masks/ckrm435kg5u67316as3innnvu.png,ckrlpgdtf3lrc0ypf1fbj6geo,sky,0,0,0,0
Labelbox/golf-examples/masks/ckrm44her5u6a316a3ckyjeft.png,ckrlpgdtf3lrc0ypf1fbj6geo,unknown,0,0,0,0
Labelbox/golf-examples/masks/ckrlvqjwi2jr2316a8jo4uoez.png,ckrlpgdtf3lr70ypf1yqz0gsd,flagpole,0,0,0,0
Labelbox/golf-examples/masks/ckrlvrgtb2jr4316ai84eabbl.png,ckrlpgdtf3lr70ypf1yqz0gsd,green,0,0,0,0
Labelbox/golf-examples/masks/ckrlvsp7y2jr6316a3c9sfe6z.png,ckrlpgdtf3lr70ypf1yqz0gsd,tree,0,0,0,0
Labelbox/golf-examples/masks/ckrlycpn52zap316aybw5qe04.png,ckrlpgdtf3lr70ypf1yqz0gsd,rough,0,0,0,0
Labelbox/golf-examples/masks/ckrlyegoc2zau316am8po5fav.png,ckrlpgdtf3lr70ypf1yqz0gsd,sky,0,0,0,0
Labelbox/golf-examples/masks/ckrlygco02zax316af079un5t.png,ckrlpgdtf3lr70ypf1yqz0gsd,unknown,0,0,0,0
Labelbox/golf-examples/masks/ckrlyhe4j2zb0316aaghcb2fo.png,ckrlpgdtf3lr70ypf1yqz0gsd,fairway,0,0,0,0
Labelbox/golf-examples/masks/ckrlqmfpj0012316aas8dvloh.png,ckrlpgdtf3lr20ypf64xg90j3,green,0,0,0,0
Labelbox/golf-examples/masks/ckrlqn7y60014316aiseul9b1.png,ckrlpgdtf3lr20ypf64xg90j3,fairway,0,0,0,0
Labelbox/golf-examples/masks/ckrlqnymm0016316a21ab1302.png,ckrlpgdtf3lr20ypf64xg90j3,semirough,0,0,0,0
Labelbox/golf-examples/masks/ckrlqoodi0019316a0hibmdbu.png,ckrlpgdtf3lr20ypf64xg90j3,rough,0,0,0,0
Labelbox/golf-examples/masks/ckrlqpy4a001c316a89d7d16m.png,ckrlpgdtf3lr20ypf64xg90j3,tree,0,0,0,0
Labelbox/golf-examples/masks/ckrlqwozy001j316ag88igd22.png,ckrlpgdtf3lr20ypf64xg90j3,sky,0,0,0,0
Labelbox/golf-examples/masks/ckrlqxbmz001l316a3ngrjgdj.png,ckrlpgdtf3lr20ypf64xg90j3,unknown,0,0,0,0
Labelbox/golf-examples/masks/ckrm24x5k4muk316a0hed0pof.png,ckrlpgdtf3lqx0ypfav1kdafp,green,0,0,0,0
Labelbox/golf-examples/masks/ckrm25hzv4mum316apkz2icj9.png,ckrlpgdtf3lqx0ypfav1kdafp,fairway,0,0,0,0
Labelbox/golf-examples/masks/ckrm26r3k4mup316aj56hhye7.png,ckrlpgdtf3lqx0ypfav1kdafp,semirough,0,0,0,0
Labelbox/golf-examples/masks/ckrm27dga4mur316a66c3qcrw.png,ckrlpgdtf3lqx0ypfav1kdafp,rough,0,0,0,0
Labelbox/golf-examples/masks/ckrm28obe4muu316auyodj9tr.png,ckrlpgdtf3lqx0ypfav1kdafp,sky,0,0,0,0
Labelbox/golf-examples/masks/ckrm2fk9y50wu316alz4v0szw.png,ckrlpgdtf3lqx0ypfav1kdafp,tree,0,0,0,0
Labelbox/golf-examples/masks/ckrm2inn950wx316a9ic2xhh0.png,ckrlpgdtf3lqx0ypfav1kdafp,unknown,0,0,0,0
Labelbox/golf-examples/masks/ckrlyvisx000r31693xke3mv4.png,ckrlpgdtf3lqs0ypfeye5gqfv,green,0,0,0,0
Labelbox/golf-examples/masks/ckrlyyg4e000w3169s7i08qjh.png,ckrlpgdtf3lqs0ypfeye5gqfv,semirough,0,0,0,0
Labelbox/golf-examples/masks/ckrlyzsce000z3169h3ixl8n0.png,ckrlpgdtf3lqs0ypfeye5gqfv,flagpole,0,0,0,0
Labelbox/golf-examples/masks/ckrlz0wn900113169pf3bhqu6.png,ckrlpgdtf3lqs0ypfeye5gqfv,unknown,0,0,0,0
Labelbox/golf-examples/masks/ckrlz1rv100143169wqfatid8.png,ckrlpgdtf3lqs0ypfeye5gqfv,tree,0,0,0,0
Labelbox/golf-examples/masks/ckrlpw78k0000316ae372pw1w.png,ckrlpgdtf3lqn0ypfczc51tah,fairway,0,0,0,0
Labelbox/golf-examples/masks/ckrlpzifo0000316af14ygbf6.png,ckrlpgdtf3lqn0ypfczc51tah,semirough,0,0,0,0
Labelbox/golf-examples/masks/ckrlq0c7a0003316afnq9s85n.png,ckrlpgdtf3lqn0ypfczc51tah,flagpole,0,0,0,0
Labelbox/golf-examples/masks/ckrlq176m0005316a4ud5v7eq.png,ckrlpgdtf3lqn0ypfczc51tah,sky,0,0,0,0
Labelbox/golf-examples/masks/ckrlq22vq0008316akwyw6vun.png,ckrlpgdtf3lqn0ypfczc51tah,tree,0,0,0,0
Labelbox/golf-examples/masks/ckrlq2ykk000a316aewbx3qlv.png,ckrlpgdtf3lqn0ypfczc51tah,unknown,0,0,0,0
Labelbox/golf-examples/masks/ckrm2m2ps005q316953xbe2wc.png,ckrlpgdtf3lqi0ypf0e1e8qqm,semirough,0,0,0,0
Labelbox/golf-examples/masks/ckrm2o8ao005s316910v8motn.png,ckrlpgdtf3lqi0ypf0e1e8qqm,unknown,0,0,0,0
Labelbox/golf-examples/masks/ckrm2ogdp005u3169mmwy2mmf.png,ckrlpgdtf3lqi0ypf0e1e8qqm,fairway,0,0,0,0
Labelbox/golf-examples/masks/ckrm2oy0s005w3169awbnqmno.png,ckrlpgdtf3lqi0ypf0e1e8qqm,semirough,0,0,0,0
Labelbox/golf-examples/masks/ckrm2rv8k00603169rgibozd3.png,ckrlpgdtf3lqi0ypf0e1e8qqm,rough,0,0,0,0
Labelbox/golf-examples/masks/ckrm2twwl00623169g00bhp3p.png,ckrlpgdtf3lqi0ypf0e1e8qqm,tree,0,0,0,0
Labelbox/golf-examples/masks/ckrm2x30t00653169y5bwajzv.png,ckrlpgdtf3lqi0ypf0e1e8qqm,sky,0,0,0,0
Labelbox/golf-examples/masks/ckrlvkmrv00003169935leeaw.png,ckrlpgdtf3lqd0ypfglnn20r5,semirough,0,0,0,0
Labelbox/golf-examples/masks/ckrlvlcmr00023169ak3at9tw.png,ckrlpgdtf3lqd0ypfglnn20r5,fairway,0,0,0,0
Labelbox/golf-examples/masks/ckrlvlre000043169bsf713fb.png,ckrlpgdtf3lqd0ypfglnn20r5,unknown,0,0,0,0
Labelbox/golf-examples/masks/ckrlvm3de00063169prtij2bp.png,ckrlpgdtf3lqd0ypfglnn20r5,semirough,0,0,0,0
Labelbox/golf-examples/masks/ckrlvmzj500093169skwps54s.png,ckrlpgdtf3lqd0ypfglnn20r5,rough,0,0,0,0
Labelbox/golf-examples/masks/ckrlvonn5000e3169qszzdol7.png,ckrlpgdtf3lqd0ypfglnn20r5,unknown,0,0,0,0
Labelbox/golf-examples/masks/ckrlvp3pc000g3169664w0a4p.png,ckrlpgdtf3lqd0ypfglnn20r5,tree,0,0,0,0
Labelbox/golf-examples/masks/ckrlyh6q100003169eaa4ge90.png,ckrlpgdtf3lqd0ypfglnn20r5,sky,0,0,0,0
Labelbox/golf-examples/masks/ckrlrkfn4002331690g4tyvby.png,ckrlpgdtf3lq80ypf0n9gglji,semirough,0,0,0,0
Labelbox/golf-examples/masks/ckrlrlzlw002531696avkbzpn.png,ckrlpgdtf3lq80ypf0n9gglji,unknown,0,0,0,0
Labelbox/golf-examples/masks/ckrlrmg8j002731699ews1uza.png,ckrlpgdtf3lq80ypf0n9gglji,tree,0,0,0,0
Labelbox/golf-examples/masks/ckrlrs3es00293169050eutjc.png,ckrlpgdtf3lq80ypf0n9gglji,sky,0,0,0,0
Labelbox/golf-examples/masks/ckrlrsdl5002a31695eu6w4xv.png,ckrlpgdtf3lq80ypf0n9gglji,rough,0,0,0,0
Labelbox/golf-examples/masks/ckrm1uue800563169nfjc7ywy.png,ckrlpgdtf3lq30ypfhu1b93wm,fairway,0,0,0,0
Labelbox/golf-examples/masks/ckrm1vdmm005831698t0w9osa.png,ckrlpgdtf3lq30ypfhu1b93wm,semirough,0,0,0,0
Labelbox/golf-examples/masks/ckrm1we5a005a3169c9cdwj2c.png,ckrlpgdtf3lq30ypfhu1b93wm,unknown,0,0,0,0
Labelbox/golf-examples/masks/ckrm2292f005f3169z8uzd7v0.png,ckrlpgdtf3lq30ypfhu1b93wm,rough,0,0,0,0
Labelbox/golf-examples/masks/ckrm27im5005h31695mb9wrs7.png,ckrlpgdtf3lq30ypfhu1b93wm,sky,0,0,0,0
Labelbox/golf-examples/masks/ckrm2hy7o005o31694o39wkm4.png,ckrlpgdtf3lq30ypfhu1b93wm,tree,0,0,0,0
Labelbox/golf-examples/masks/ckrlueze3001d3169lf18pkrf.png,ckrlpgdtf3lpy0ypfht4m3u99,semirough,0,0,0,0
Labelbox/golf-examples/masks/ckrlufq67001f3169h9eii2ew.png,ckrlpgdtf3lpy0ypfht4m3u99,unknown,0,0,0,0
Labelbox/golf-examples/masks/ckrluhwnb001i3169ksdurkjn.png,ckrlpgdtf3lpy0ypfht4m3u99,flagpole,0,0,0,0
Labelbox/golf-examples/masks/ckrluich9001k31696wllm79f.png,ckrlpgdtf3lpy0ypfht4m3u99,tree,0,0,0,0
Labelbox/golf-examples/masks/ckrlukn57001m3169ft8yf5z7.png,ckrlpgdtf3lpy0ypfht4m3u99,fairway,0,0,0,0
Labelbox/golf-examples/masks/ckrlukt9s001n3169j7yq3mrn.png,ckrlpgdtf3lpy0ypfht4m3u99,rough,0,0,0,0
Labelbox/golf-examples/masks/ckrlukyan001o3169c5hvimng.png,ckrlpgdtf3lpy0ypfht4m3u99,sky,0,0,0,0
Labelbox/golf-examples/masks/ckrlqnb0n001c316977f9hrqn.png,ckrlpgdtf3lpt0ypf13ioekk3,rough,0,0,0,0
Labelbox/golf-examples/masks/ckrlqogl1001e3169rv7l2ije.png,ckrlpgdtf3lpt0ypf13ioekk3,fairway,0,0,0,0
Labelbox/golf-examples/masks/ckrlqpcjg001g3169g0nhn2a2.png,ckrlpgdtf3lpt0ypf13ioekk3,tree,0,0,0,0
Labelbox/golf-examples/masks/ckrlqqpag001i3169kv9h0kqj.png,ckrlpgdtf3lpt0ypf13ioekk3,semirough,0,0,0,0
Labelbox/golf-examples/masks/ckrlqr0f3001k31699lw6ex5a.png,ckrlpgdtf3lpt0ypf13ioekk3,unknown,0,0,0,0
Labelbox/golf-examples/masks/ckrlqr8ea001l31692j90ain3.png,ckrlpgdtf3lpt0ypf13ioekk3,sky,0,0,0,0
Labelbox/golf-examples/masks/ckrm1bh6t004e3169ndn0a9uz.png,ckrlpgdtf3lpo0ypf0aj3at85,semirough,0,0,0,0
Labelbox/golf-examples/masks/ckrm1co54004g3169ir62k3bh.png,ckrlpgdtf3lpo0ypf0aj3at85,flagpole,0,0,0,0
Labelbox/golf-examples/masks/ckrm1e7iq004k3169ottfrmxn.png,ckrlpgdtf3lpo0ypf0aj3at85,tree,0,0,0,0
Labelbox/golf-examples/masks/ckrm1gg03004m3169xmqdu5bt.png,ckrlpgdtf3lpo0ypf0aj3at85,sky,0,0,0,0
Labelbox/golf-examples/masks/ckrm1gr0y004n3169y561q4bx.png,ckrlpgdtf3lpo0ypf0aj3at85,unknown,0,0,0,0
Labelbox/golf-examples/masks/ckrm1imy0004u3169bd6t98t5.png,ckrlpgdtf3lpo0ypf0aj3at85,fairway,0,0,0,0
Labelbox/golf-examples/masks/ckrluubl50wrq316ashnr4zbw.png,ckrlpgdtf3lpj0ypf5t9a4l5b,semirough,0,0,0,0
Labelbox/golf-examples/masks/ckrluvdih0wrt316ak4wyhxq4.png,ckrlpgdtf3lpj0ypf5t9a4l5b,flagpole,0,0,0,0
Labelbox/golf-examples/masks/ckrluw4720yrf316abl9pbfr6.png,ckrlpgdtf3lpj0ypf5t9a4l5b,tree,0,0,0,0
Labelbox/golf-examples/masks/ckrlv1h621dv6316ac3c6yn3i.png,ckrlpgdtf3lpj0ypf5t9a4l5b,fairway,0,0,0,0
Labelbox/golf-examples/masks/ckrlv22my1dv9316apxhcwpss.png,ckrlpgdtf3lpj0ypf5t9a4l5b,sky,0,0,0,0
Labelbox/golf-examples/masks/ckrlv2hrb1dva316ae1olkptm.png,ckrlpgdtf3lpj0ypf5t9a4l5b,unknown,0,0,0,0
Labelbox/golf-examples/masks/ckrlqbjkq000g3169heh5live.png,ckrlpgdtf3lpe0ypfcr7d6hkb,fairway,0,0,0,0
Labelbox/golf-examples/masks/ckrlqbwkk000i3169q4q4v5wh.png,ckrlpgdtf3lpe0ypfcr7d6hkb,rough,0,0,0,0
Labelbox/golf-examples/masks/ckrlqck1y000k3169pdvhpeln.png,ckrlpgdtf3lpe0ypfcr7d6hkb,tree,0,0,0,0
Labelbox/golf-examples/masks/ckrlqdoav000n3169e4rveum6.png,ckrlpgdtf3lpe0ypfcr7d6hkb,unknown,0,0,0,0
Labelbox/golf-examples/masks/ckrlqdsgi000o3169g58bc7fd.png,ckrlpgdtf3lpe0ypfcr7d6hkb,sky,0,0,0,0
Labelbox/golf-examples/masks/ckrlqdvxh000p3169mt4ee6r8.png,ckrlpgdtf3lpe0ypfcr7d6hkb,semirough,0,0,0,0
Labelbox/golf-examples/masks/ckrm1od2u4e7q316a7siye62i.png,ckrlpgdtf3lp90ypfh5i9fl7p,fairway,0,0,0,0
Labelbox/golf-examples/masks/ckrm1pdl24e7s316a4727wca1.png,ckrlpgdtf3lp90ypfh5i9fl7p,semirough,0,0,0,0
Labelbox/golf-examples/masks/ckrm1pywi4e7u316a6swp25xm.png,ckrlpgdtf3lp90ypfh5i9fl7p,flagpole,0,0,0,0
Labelbox/golf-examples/masks/ckrm1qd854e7w316a347tup8a.png,ckrlpgdtf3lp90ypfh5i9fl7p,unknown,0,0,0,0
Labelbox/golf-examples/masks/ckrm1qkrv4e7y316ak335a4fx.png,ckrlpgdtf3lp90ypfh5i9fl7p,rough,0,0,0,0
Labelbox/golf-examples/masks/ckrm1rg164e80316a5olek95b.png,ckrlpgdtf3lp90ypfh5i9fl7p,tree,0,0,0,0
Labelbox/golf-examples/masks/ckrm1ssr24e83316a1jrl824f.png,ckrlpgdtf3lp90ypfh5i9fl7p,sky,0,0,0,0
Labelbox/golf-examples/masks/ckrlu0lxr1kdr316agvex91n2.png,ckrlpgdtf3lp40ypf7elohtn6,flagpole,0,0,0,0
Labelbox/golf-examples/masks/ckrlu1hbo1kdt316amkmhh6x1.png,ckrlpgdtf3lp40ypf7elohtn6,sky,0,0,0,0
Labelbox/golf-examples/masks/ckrlu2do21wsr316a3c8z5sdt.png,ckrlpgdtf3lp40ypf7elohtn6,tree,0,0,0,0
Labelbox/golf-examples/masks/ckrlu2y7j21ls316acyjjyu1x.png,ckrlpgdtf3lp40ypf7elohtn6,green,0,0,0,0
Labelbox/golf-examples/masks/ckrlu4q5e22t5316analtowgb.png,ckrlpgdtf3lp40ypf7elohtn6,fairway,0,0,0,0
Labelbox/golf-examples/masks/ckrlu65u322t8316axw7ycen9.png,ckrlpgdtf3lp40ypf7elohtn6,semirough,0,0,0,0
Labelbox/golf-examples/masks/ckrlu8klg22tb316aqhio1x3b.png,ckrlpgdtf3lp40ypf7elohtn6,rough,0,0,0,0
Labelbox/golf-examples/masks/ckrlu8pf822tc316a6gmmmj3f.png,ckrlpgdtf3lp40ypf7elohtn6,unknown,0,0,0,0
Labelbox/golf-examples/masks/ckrlpi0no000031698jnakrnr.png,ckrlpgdtf3loz0ypf90pk42tp,green,0,0,0,0
Labelbox/golf-examples/masks/ckrlpjlsh00033169yx3d68vk.png,ckrlpgdtf3loz0ypf90pk42tp,semirough,0,0,0,0
Labelbox/golf-examples/masks/ckrlplv6x00063169q9cct6yo.png,ckrlpgdtf3loz0ypf90pk42tp,sky,0,0,0,0
Labelbox/golf-examples/masks/ckrlpo47600083169hz2esc48.png,ckrlpgdtf3loz0ypf90pk42tp,tree,0,0,0,0
Labelbox/golf-examples/masks/ckrlpo9c800093169wvdnr0h1.png,ckrlpgdtf3loz0ypf90pk42tp,fairway,0,0,0,0
Labelbox/golf-examples/masks/ckrlps9ze000e31698va1btg8.png,ckrlpgdtf3loz0ypf90pk42tp,flagpole,0,0,0,0
Labelbox/golf-examples/masks/ckrm10gvr4bv7316aafugnx1s.png,ckrlpgdtf3lou0ypf3fqc065z,flagpole,0,0,0,0
Labelbox/golf-examples/masks/ckrm11bii4bv9316a5yk43ymb.png,ckrlpgdtf3lou0ypf3fqc065z,sky,0,0,0,0
Labelbox/golf-examples/masks/ckrm11zsf4bvd316a5kn66d99.png,ckrlpgdtf3lou0ypf3fqc065z,green,0,0,0,0
Labelbox/golf-examples/masks/ckrm12xjf4bvf316am66u4nnu.png,ckrlpgdtf3lou0ypf3fqc065z,fairway,0,0,0,0
Labelbox/golf-examples/masks/ckrm13jar4bvh316auk1njfse.png,ckrlpgdtf3lou0ypf3fqc065z,rough,0,0,0,0
Labelbox/golf-examples/masks/ckrm15b9d4bvn316a6f41vifg.png,ckrlpgdtf3lou0ypf3fqc065z,tree,0,0,0,0
Labelbox/golf-examples/masks/ckrm16fh14bvp316a8gd8n8d3.png,ckrlpgdtf3lou0ypf3fqc065z,semirough,0,0,0,0
Labelbox/golf-examples/masks/ckrm17ihv4bvv316azta9dwvs.png,ckrlpgdtf3lou0ypf3fqc065z,unknown,0,0,0,0
Labelbox/golf-examples/masks/ckrlth67m0klv316a1nxptijt.png,ckrlpgdtf3lop0ypf0rog3hky,green,0,0,0,0
Labelbox/golf-examples/masks/ckrlti9jf0klx316aoqw8siqt.png,ckrlpgdtf3lop0ypf0rog3hky,fairway,0,0,0,0
Labelbox/golf-examples/masks/ckrltj7e60klz316abo6tqi6s.png,ckrlpgdtf3lop0ypf0rog3hky,sky,0,0,0,0
Labelbox/golf-examples/masks/ckrltjwiv0mk0316a72fue6u4.png,ckrlpgdtf3lop0ypf0rog3hky,rough,0,0,0,0
Labelbox/golf-examples/masks/ckrltknpq0mk3316a6j01dgzk.png,ckrlpgdtf3lop0ypf0rog3hky,tree,0,0,0,0
Labelbox/golf-examples/masks/ckrltlxq20mk7316awbwjtpbt.png,ckrlpgdtf3lop0ypf0rog3hky,unknown,0,0,0,0
Labelbox/golf-examples/masks/ckrm5ae5g7jha316akbagwcsl.png,ckrlpgdte3lok0ypf2cz389wj,green,0,0,0,0
Labelbox/golf-examples/masks/ckrm5boy77jhc316agieach5p.png,ckrlpgdte3lok0ypf2cz389wj,flagpole,0,0,0,0
Labelbox/golf-examples/masks/ckrm5cje47jhf316abemxn6hz.png,ckrlpgdte3lok0ypf2cz389wj,semirough,0,0,0,0
Labelbox/golf-examples/masks/ckrm5dy0m7jhh316alh3u9oku.png,ckrlpgdte3lok0ypf2cz389wj,rough,0,0,0,0
Labelbox/golf-examples/masks/ckrm5ejq67jhj316aje1fzna9.png,ckrlpgdte3lok0ypf2cz389wj,tree,0,0,0,0
Labelbox/golf-examples/masks/ckrm5etnc7jhl316athd0ee4p.png,ckrlpgdte3lok0ypf2cz389wj,unknown,0,0,0,0
Labelbox/golf-examples/masks/ckrm079k83s68316a97kxmnh4.png,ckrlpgdte3lof0ypfadhl6k13,fairway,0,0,0,0
Labelbox/golf-examples/masks/ckrm07xn33s6a316aek3jkwj7.png,ckrlpgdte3lof0ypfadhl6k13,green,0,0,0,0
Labelbox/golf-examples/masks/ckrm08m0z3s6c316ajwi21cxo.png,ckrlpgdte3lof0ypfadhl6k13,flagpole,0,0,0,0
Labelbox/golf-examples/masks/ckrm098ta3s6f316a7qxwg1st.png,ckrlpgdte3lof0ypfadhl6k13,tree,0,0,0,0
Labelbox/golf-examples/masks/ckrm0a9ol3s6h316ac5321wkh.png,ckrlpgdte3lof0ypfadhl6k13,unknown,0,0,0,0
Labelbox/golf-examples/masks/ckrltlvr300003169oqkyesk8.png,ckrlpgdte3loa0ypf8kvpg5ic,green,0,0,0,0
Labelbox/golf-examples/masks/ckrltnj4b00033169xlm78m8g.png,ckrlpgdte3loa0ypf8kvpg5ic,flagpole,0,0,0,0
Labelbox/golf-examples/masks/ckrltpae7000631691f1kmyah.png,ckrlpgdte3loa0ypf8kvpg5ic,fairway,0,0,0,0
Labelbox/golf-examples/masks/ckrltqo8c000831695tha884n.png,ckrlpgdte3loa0ypf8kvpg5ic,unknown,0,0,0,0
Labelbox/golf-examples/masks/ckrltr9ed000a3169bpip7rgu.png,ckrlpgdte3loa0ypf8kvpg5ic,sky,0,0,0,0
Labelbox/golf-examples/masks/ckrlttlcs000d3169yfvawaoj.png,ckrlpgdte3loa0ypf8kvpg5ic,sky,0,0,0,0
Labelbox/golf-examples/masks/ckrltv3xl000f3169wj6yp78z.png,ckrlpgdte3loa0ypf8kvpg5ic,tree,0,0,0,0
Labelbox/golf-examples/masks/ckrm5n3lq48yi3169gvb2mi5g.png,ckrlpgdte3lo50ypfg5p0dneb,green,0,0,0,0
Labelbox/golf-examples/masks/ckrm5ouup4ant3169eu3v19h7.png,ckrlpgdte3lo50ypfg5p0dneb,tree,0,0,0,0
Labelbox/golf-examples/masks/ckrm5te335fnd3169jwj2irgc.png,ckrlpgdte3lo50ypfg5p0dneb,flagpole,0,0,0,0
Labelbox/golf-examples/masks/ckrm5v1ov5fnh3169bi403250.png,ckrlpgdte3lo50ypfg5p0dneb,fairway,0,0,0,0
Labelbox/golf-examples/masks/ckrm5z3565fnk3169rsjs1mhq.png,ckrlpgdte3lo50ypfg5p0dneb,unknown,0,0,0,0
Labelbox/golf-examples/masks/ckrm5z9kd5fnl3169r0kbdibm.png,ckrlpgdte3lo50ypfg5p0dneb,sky,0,0,0,0
Labelbox/golf-examples/masks/ckrm0218t002l3169tezs3s08.png,ckrlpgdte3lo00ypfguja4h66,semirough,0,0,0,0
Labelbox/golf-examples/masks/ckrm0347p002n31698wcslfb8.png,ckrlpgdte3lo00ypfguja4h66,fairway,0,0,0,0
Labelbox/golf-examples/masks/ckrm03zfh002p3169vwuhwg0k.png,ckrlpgdte3lo00ypfguja4h66,tree,0,0,0,0
Labelbox/golf-examples/masks/ckrm07k42002t3169i5icnmud.png,ckrlpgdte3lo00ypfguja4h66,flagpole,0,0,0,0
Labelbox/golf-examples/masks/ckrm083pf002v3169n6gs9x03.png,ckrlpgdte3lo00ypfguja4h66,unknown,0,0,0,0
Labelbox/golf-examples/masks/ckrm09c3h002x316970twbb0w.png,ckrlpgdte3lo00ypfguja4h66,rough,0,0,0,0
Labelbox/golf-examples/masks/ckrm0ahkl002z31693epmrynm.png,ckrlpgdte3lo00ypfguja4h66,unknown,0,0,0,0
Labelbox/golf-examples/masks/ckrm0b9t2003131690eq96lm9.png,ckrlpgdte3lo00ypfguja4h66,sky,0,0,0,0
Labelbox/golf-examples/masks/ckrm0bhxm00323169pcya726e.png,ckrlpgdte3lo00ypfguja4h66,unknown,0,0,0,0
Labelbox/golf-examples/masks/ckrlsbrt5003h316941boe50u.png,ckrlpgdte3lnv0ypfd9nn63gg,bunker,0,0,0,0
Labelbox/golf-examples/masks/ckrlsce2q003j3169z682fvqv.png,ckrlpgdte3lnv0ypfd9nn63gg,flagpole,0,0,0,0
Labelbox/golf-examples/masks/ckrlsglgo0iyg31697saw67zh.png,ckrlpgdte3lnv0ypfd9nn63gg,unknown,0,0,0,0
Labelbox/golf-examples/masks/ckrlsj32m0iyi3169a50bxr3a.png,ckrlpgdte3lnv0ypfd9nn63gg,tree,0,0,0,0
Labelbox/golf-examples/masks/ckrlsnovy0iyr3169hpamrvp7.png,ckrlpgdte3lnv0ypfd9nn63gg,fairway,0,0,0,0
Labelbox/golf-examples/masks/ckrlsnves0iys3169drgrucho.png,ckrlpgdte3lnv0ypfd9nn63gg,sky,0,0,0,0
Labelbox/golf-examples/masks/ckrm4x41j22v43169ukm3yxo5.png,ckrlpgdte3lnq0ypfdsgy5hmw,tree,0,0,0,0
Labelbox/golf-examples/masks/ckrm510ai2yul31696a72k4m4.png,ckrlpgdte3lnq0ypfdsgy5hmw,flagpole,0,0,0,0
Labelbox/golf-examples/masks/ckrm51cmb2yun3169n8mxcvs2.png,ckrlpgdte3lnq0ypfdsgy5hmw,unknown,0,0,0,0
Labelbox/golf-examples/masks/ckrm523oh2yup3169xa98h099.png,ckrlpgdte3lnq0ypfdsgy5hmw,bunker,0,0,0,0
Labelbox/golf-examples/masks/ckrm53vft2yuv3169qoccsj32.png,ckrlpgdte3lnq0ypfdsgy5hmw,semirough,0,0,0,0
Labelbox/golf-examples/masks/ckrm54tb92yux31698zmgr52l.png,ckrlpgdte3lnq0ypfdsgy5hmw,rough,0,0,0,0
Labelbox/golf-examples/masks/ckrm56loy2yuz31696pt7qn7b.png,ckrlpgdte3lnq0ypfdsgy5hmw,fairway,0,0,0,0
Labelbox/golf-examples/masks/ckrm56s4w2yv031698lge7b1w.png,ckrlpgdte3lnq0ypfdsgy5hmw,sky,0,0,0,0
Labelbox/golf-examples/masks/ckrlz30y700163169lcjtai91.png,ckrlpgdte3lnl0ypfengo9zhk,fairway,0,0,0,0
Labelbox/golf-examples/masks/ckrlz5rgl001c3169uucwafaz.png,ckrlpgdte3lnl0ypfengo9zhk,unknown,0,0,0,0
Labelbox/golf-examples/masks/ckrlz6703001e3169u85zgc2c.png,ckrlpgdte3lnl0ypfengo9zhk,bunker,0,0,0,0
Labelbox/golf-examples/masks/ckrlz7l3n001l3169vrg2pclv.png,ckrlpgdte3lnl0ypfengo9zhk,unknown,0,0,0,0
Labelbox/golf-examples/masks/ckrlz8xmt001n31698b2vvwx1.png,ckrlpgdte3lnl0ypfengo9zhk,rough,0,0,0,0
Labelbox/golf-examples/masks/ckrlzbjn8001p31694wsl7m6o.png,ckrlpgdte3lnl0ypfengo9zhk,semirough,0,0,0,0
Labelbox/golf-examples/masks/ckrlzbutq001r3169o3om9ngn.png,ckrlpgdte3lnl0ypfengo9zhk,flagpole,0,0,0,0
Labelbox/golf-examples/masks/ckrlzcskf001w3169twt2hsjk.png,ckrlpgdte3lnl0ypfengo9zhk,tree,0,0,0,0
Labelbox/golf-examples/masks/ckrlzetuw001z3169mr4fpv8r.png,ckrlpgdte3lnl0ypfengo9zhk,unknown,0,0,0,0
Labelbox/golf-examples/masks/ckrlzf9ax002131690d73h8mn.png,ckrlpgdte3lnl0ypfengo9zhk,sky,0,0,0,0
Labelbox/golf-examples/masks/ckrlzfsna00223169mdwifcdi.png,ckrlpgdte3lnl0ypfengo9zhk,semirough,0,0,0,0
Labelbox/golf-examples/masks/ckrlsn051004a316aj9u4v8xf.png,ckrlpgdte3lng0ypfa99yhflx,bunker,0,0,0,0
Labelbox/golf-examples/masks/ckrlsnxge004c316alp8hdw75.png,ckrlpgdte3lng0ypfa99yhflx,fairway,0,0,0,0
Labelbox/golf-examples/masks/ckrlsp1ia004f316a7v9q84wq.png,ckrlpgdte3lng0ypfa99yhflx,semirough,0,0,0,0
Labelbox/golf-examples/masks/ckrlspveh004i316aml6xvvz1.png,ckrlpgdte3lng0ypfa99yhflx,rough,0,0,0,0
Labelbox/golf-examples/masks/ckrlsr2yh004k316axehzjdmx.png,ckrlpgdte3lng0ypfa99yhflx,sky,0,0,0,0
Labelbox/golf-examples/masks/ckrlsxws7004u316a3kafurcp.png,ckrlpgdte3lng0ypfa99yhflx,tree,0,0,0,0
Labelbox/golf-examples/masks/ckrlsynlm004w316ay0pboeht.png,ckrlpgdte3lng0ypfa99yhflx,unknown,0,0,0,0
Labelbox/golf-examples/masks/ckrm4l7jp5u6y316a2fpmcya7.png,ckrlpgdte3lnb0ypfhdajav73,unknown,0,0,0,0
Labelbox/golf-examples/masks/ckrm4mjgr5u71316aunyist2m.png,ckrlpgdte3lnb0ypfhdajav73,bunker,0,0,0,0
Labelbox/golf-examples/masks/ckrm4njd85u73316afi4olqgs.png,ckrlpgdte3lnb0ypfhdajav73,fairway,0,0,0,0
Labelbox/golf-examples/masks/ckrm4otku5u75316aa898ldm0.png,ckrlpgdte3lnb0ypfhdajav73,semirough,0,0,0,0
Labelbox/golf-examples/masks/ckrm4pvmh5u77316awioji4zs.png,ckrlpgdte3lnb0ypfhdajav73,tree,0,0,0,0
Labelbox/golf-examples/masks/ckrm4y3ow6qyy316aakonxk3q.png,ckrlpgdte3lnb0ypfhdajav73,rough,0,0,0,0
Labelbox/golf-examples/masks/ckrm4yopk6qz0316aj8ipckcq.png,ckrlpgdte3lnb0ypfhdajav73,sky,0,0,0,0
Labelbox/golf-examples/masks/ckrm4z5co6qz1316aqzl82g5x.png,ckrlpgdte3lnb0ypfhdajav73,unknown,0,0,0,0
Labelbox/golf-examples/masks/ckrlz2svw37kj316a7e2la1ol.png,ckrlpgdte3ln60ypf9r2h2j6z,unknown,0,0,0,0
Labelbox/golf-examples/masks/ckrlz3z1m37kr316a3dj4vmda.png,ckrlpgdte3ln60ypf9r2h2j6z,bunker,0,0,0,0
Labelbox/golf-examples/masks/ckrlz5grq37kw316azoj2bm38.png,ckrlpgdte3ln60ypf9r2h2j6z,fairway,0,0,0,0
Labelbox/golf-examples/masks/ckrlz6tly37ky316aq3qo6nbe.png,ckrlpgdte3ln60ypf9r2h2j6z,rough,0,0,0,0
Labelbox/golf-examples/masks/ckrlz8qtk37l0316ak5ftjhcv.png,ckrlpgdte3ln60ypf9r2h2j6z,semirough,0,0,0,0
Labelbox/golf-examples/masks/ckrlz9fq837l5316a7wgktw8j.png,ckrlpgdte3ln60ypf9r2h2j6z,tree,0,0,0,0
Labelbox/golf-examples/masks/ckrlzcvd73lwj316a1ln6amnz.png,ckrlpgdte3ln60ypf9r2h2j6z,sky,0,0,0,0
Labelbox/golf-examples/masks/ckrlrs92b002e316a26w1ibnb.png,ckrlpgdte3ln10ypf09xibslb,flagpole,0,0,0,0
Labelbox/golf-examples/masks/ckrlrtych002j316aqn10uyqp.png,ckrlpgdte3ln10ypf09xibslb,unknown,0,0,0,0
Labelbox/golf-examples/masks/ckrlrusmt002m316a8c2ig69w.png,ckrlpgdte3ln10ypf09xibslb,bunker,0,0,0,0
Labelbox/golf-examples/masks/ckrlrwlg8002o316amnm4px56.png,ckrlpgdte3ln10ypf09xibslb,semirough,0,0,0,0
Labelbox/golf-examples/masks/ckrlrx6l7002q316a41xd2l57.png,ckrlpgdte3ln10ypf09xibslb,fairway,0,0,0,0
Labelbox/golf-examples/masks/ckrlrxw4k002s316auxk35gvm.png,ckrlpgdte3ln10ypf09xibslb,rough,0,0,0,0
Labelbox/golf-examples/masks/ckrlryx0u002w316arsp1zzi6.png,ckrlpgdte3ln10ypf09xibslb,tree,0,0,0,0
Labelbox/golf-examples/masks/ckrls1fl3002y316af35a1mmw.png,ckrlpgdte3ln10ypf09xibslb,sky,0,0,0,0
Labelbox/golf-examples/masks/ckrls3bx60031316accjmr1dh.png,ckrlpgdte3ln10ypf09xibslb,unknown,0,0,0,0
Labelbox/golf-examples/masks/ckrm2t2m150xe316ahhlsu1vq.png,ckrlpgdte3lmw0ypffawiaer1,unknown,0,0,0,0
Labelbox/golf-examples/masks/ckrm2tlin50xh316ayw98w8h8.png,ckrlpgdte3lmw0ypffawiaer1,bunker,0,0,0,0
Labelbox/golf-examples/masks/ckrm2un9r50xk316axmmiv6wm.png,ckrlpgdte3lmw0ypffawiaer1,fairway,0,0,0,0
Labelbox/golf-examples/masks/ckrm2vz4850xn316ak85mkrnt.png,ckrlpgdte3lmw0ypffawiaer1,sky,0,0,0,0
Labelbox/golf-examples/masks/ckrm32lmc5lrf316adb8sgfm5.png,ckrlpgdte3lmw0ypffawiaer1,tree,0,0,0,0
Labelbox/golf-examples/masks/ckrm34ejs5lri316a5uthigxm.png,ckrlpgdte3lmw0ypffawiaer1,rough,0,0,0,0
Labelbox/golf-examples/masks/ckrm3538m5lrk316afjlqj83i.png,ckrlpgdte3lmw0ypffawiaer1,unknown,0,0,0,0
Labelbox/golf-examples/masks/ckrlvdvxf2573316abm3vcd76.png,ckrlpgdte3lmr0ypfdx3s3rla,unknown,0,0,0,0
Labelbox/golf-examples/masks/ckrlvfgdc2578316akqjyj9nw.png,ckrlpgdte3lmr0ypfdx3s3rla,bunker,0,0,0,0
Labelbox/golf-examples/masks/ckrlvihri257f316aefoslcz1.png,ckrlpgdte3lmr0ypfdx3s3rla,semirough,0,0,0,0
Labelbox/golf-examples/masks/ckrlvj1ke257h316arro4syun.png,ckrlpgdte3lmr0ypfdx3s3rla,rough,0,0,0,0
Labelbox/golf-examples/masks/ckrlvkw3i26f4316aibv8hhyo.png,ckrlpgdte3lmr0ypfdx3s3rla,tree,0,0,0,0
Labelbox/golf-examples/masks/ckrlvp9vg2jqx316a51fia259.png,ckrlpgdte3lmr0ypfdx3s3rla,sky,0,0,0,0
Labelbox/golf-examples/masks/ckrlvq35o2jr0316asfc1xe2j.png,ckrlpgdte3lmr0ypfdx3s3rla,unknown,0,0,0,0
Labelbox/golf-examples/masks/ckrlqfvxt000s316acu3eln2b.png,ckrlpgdte3lmm0ypfbpny6x9y,fairway,0,0,0,0
Labelbox/golf-examples/masks/ckrlqgoy5000u316atevxi4ak.png,ckrlpgdte3lmm0ypfbpny6x9y,rough,0,0,0,0
Labelbox/golf-examples/masks/ckrlqhkfu000w316alrn5ym8o.png,ckrlpgdte3lmm0ypfbpny6x9y,tree,0,0,0,0
Labelbox/golf-examples/masks/ckrlqkv9o000y316a3089911l.png,ckrlpgdte3lmm0ypfbpny6x9y,sky,0,0,0,0
Labelbox/golf-examples/masks/ckrlql2ir0010316atbn6wb4a.png,ckrlpgdte3lmm0ypfbpny6x9y,unknown,0,0,0,0
Labelbox/golf-examples/masks/ckrm1uwuc4e88316akyhjg0s4.png,ckrlpgdte3lmh0ypfbhl15eoy,fairway,0,0,0,0
Labelbox/golf-examples/masks/ckrm1vjpo4e8b316agd0eb9vt.png,ckrlpgdte3lmh0ypfbhl15eoy,rough,0,0,0,0
Labelbox/golf-examples/masks/ckrm1wjxp4e8d316a3gtxogoy.png,ckrlpgdte3lmh0ypfbhl15eoy,sky,0,0,0,0
Labelbox/golf-examples/masks/ckrm21iy64mug316a3bifaz27.png,ckrlpgdte3lmh0ypfbhl15eoy,tree,0,0,0,0
Labelbox/golf-examples/masks/ckrm23v314mui316alz86ffvy.png,ckrlpgdte3lmh0ypfbhl15eoy,unknown,0,0,0,0
Labelbox/golf-examples/masks/ckrlyqy89000h31695x34al7r.png,ckrlpgdte3lmc0ypf1sc0484a,fairway,0,0,0,0
Labelbox/golf-examples/masks/ckrlyswsy000l3169uccho2v3.png,ckrlpgdte3lmc0ypf1sc0484a,tree,0,0,0,0
Labelbox/golf-examples/masks/ckrlyu3r4000n3169zrd9toi1.png,ckrlpgdte3lmc0ypf1sc0484a,unknown,0,0,0,0
Labelbox/golf-examples/masks/ckrlyunqa000p3169ks2h82k7.png,ckrlpgdte3lmc0ypf1sc0484a,semirough,0,0,0,0
Labelbox/golf-examples/masks/ckrlyuwpf000q3169ylj93x30.png,ckrlpgdte3lmc0ypf1sc0484a,sky,0,0,0,0
Labelbox/golf-examples/masks/ckrls4w7r002z31693drigbrd.png,ckrlpgdte3lm70ypf2xi899iy,semirough,0,0,0,0
Labelbox/golf-examples/masks/ckrls5zge00313169nuo4j8id.png,ckrlpgdte3lm70ypf2xi899iy,unknown,0,0,0,0
Labelbox/golf-examples/masks/ckrls65w600333169abg70spq.png,ckrlpgdte3lm70ypf2xi899iy,fairway,0,0,0,0
Labelbox/golf-examples/masks/ckrls784d00343169bl9txst9.png,ckrlpgdte3lm70ypf2xi899iy,unknown,0,0,0,0
Labelbox/golf-examples/masks/ckrls847i00363169tg42iwto.png,ckrlpgdte3lm70ypf2xi899iy,tree,0,0,0,0
Labelbox/golf-examples/masks/ckrls8odn00383169cloqg48h.png,ckrlpgdte3lm70ypf2xi899iy,sky,0,0,0,0
